id,intitule,dateCreation,departement,commune,ville,latitude,longitude,entreprise,typeContrat,typeContratLibelle,experienceLibelle,experienceExige,qualificationLibelle,romeCode,romeLibelle,secteurActiviteLibelle,salaire_libelle,competences_structurees,competences_detectees,nb_competences_detectees,sal_periode,sal_min,sal_max,sal_annuel_min,sal_annuel_max,sal_annuel_moyen
210LGWN,Data engineer (BI) - H/F/X (H/F),2026-06-29 11:01:04.587000+00:00,93,93066,93 - ST DENIS,48.941389,2.382632,VENTE PRIVEE.COM,CDI,CDI,4 An(s),E,Cadre,M1811,Data engineer,Vente à distance sur catalogue général,,"Analyser, exploiter, structurer des données",Python | SQL | Airflow | dbt | GCP | BigQuery | Power BI | Tableau | Git,9,,,,,,
210CLSC,Business Data & BI Analyst H/F (H/F),2026-06-22 12:21:20.958000+00:00,92,92026,92 - COURBEVOIE,48.898112,2.238533,,CDI,CDI,1 An(s),E,Cadre,M1806,Consultant fonctionnel / Consultante fonctionnelle des systèmes d'information,Autre distribution de crédit,,Concevoir et gérer un projet,SQL,1,,,,,,
209ZRFX,Data Analyst / BI Analyst - Power BI (H/F),2026-06-19 10:40:30.485000+00:00,75,75110,75 - Paris 10e Arrondissement,48.871795,2.357832,BRAIN LOGIC,CDI,CDI,3 An(s),E,Cadre,M1419,Data analyst,Conseil en systèmes et logiciels informatiques,,Adapter les outils de traitement statistique de données | Communiquer les résultats des études aux parties prenantes | Data fabric ou équivalent | Methodologie Agile / Safe | Power BI | SQL,SQL | Power BI | DAX | Power Query | Data Visualization,5,,,,,,
209XGKZ,Conducteur pl bi température (H/F),2026-06-17 14:03:21.101000+00:00,91,91086,91 - Bondoufle,48.613238,2.380131,ERGALIS EVRY 3203,MIS,Intérim - 4 Mois,1 An(s),E,"Ouvrier qualifié (P1,P2)",N4101,Conducteur / Conductrice de poids lourd,Activités des agences de travail temporaire,Horaire de 12.31 Euros à 13.0 Euros sur 12 mois,Contrôler l'état de fonctionnement du véhicule | Vérifier l'exactitude et la conformité de documents de transport de marchandises,,0,Horaire,12.31,13.0,22404.0,23660.0,23032.0
209MSFG,Consultant BI (H/F),2026-06-09 15:32:47.184000+00:00,92,92026,92 - COURBEVOIE,48.901819,2.267542,EXPERTEAM,CDI,CDI,5 An(s),E,Cadre,M1872,Consultant décisionnel / Consultante décisionnelle - Business Intelligence,Conseil en systèmes et logiciels informatiques,,Développer des scripts pour l'automatisation des rapports | Elaborer des solutions techniques et fonctionnelles | Faciliter la collaboration interdépartementale sur les projets BI | Gérer la sécurité des données dans les projets BI | Intégrer les bases de données avec d'autres systèmes d'information,SQL | ETL | Talend | Azure | Power BI | SSIS/SSAS/SSRS,6,,,,,,
210JKNL,Analyste décisionnel - Business Intelligence (H/F),2026-06-25 18:18:33.085000+00:00,93,93045,93 - LES LILAS,48.879365,2.415862,AUBER TECH,CDI,CDI,Débutant accepté,D,Cadre,M1851,Analyste décisionnel - Business Intelligence,Conseil en systèmes et logiciels informatiques,Mensuel de 2500.0 Euros à 3500.0 Euros sur 12.0 mois,Utilisation d'outils Business Intelligence (BI) - Informatique décisionnelle,SQL,1,Mensuel,2500.0,3500.0,30000.0,42000.0,36000.0
209VKJG,"Manager Expertise Comptable H/F - Data, IA & Transformation (H/F)",2026-06-16 10:59:50.482000+00:00,75,,75 - Paris (Dept.),,,NFZI,CDI,CDI,3 An(s),E,Cadre,M1426,Chief digital officer - Responsable de la transformation digitale,Conseil pour les affaires et autres conseils de gestion,Annuel de 50000.0 Euros à 55000.0 Euros sur 12 mois,Big data Analytics | Utilisation d'outils Business Intelligence (BI) - Informatique décisionnelle | Développer des stratégies pour améliorer l'expérience utilisateur | Faciliter la migration des systèmes vers de nouvelles plateformes | Optimiser les coûts des technologies de l'information | Optimiser l'expérience utilisateur sur les plateformes digitales | Promouvoir l'innovation au sein de l'entreprise | Proposer des améliorations pour optimiser les processus | Réaliser des études d'organisation et d'évolution de systèmes d'information | Se tenir informé des évolutions technologiques et des nouvelles tendances dans son domaine d'activité | Superviser le déploiement de nouvelles applications | logiciels comptables | outils digitaux,,0,Annuel,50000.0,55000.0,50000.0,55000.0,52500.0
209RFGH,Data analyst - Retail   (H/F),2026-06-12 10:08:17.930000+00:00,75,,75 - Paris (Dept.),,,THOM,CDI,CDI,3 An(s),E,Agent de maîtrise,M1851,Analyste décisionnel - Business Intelligence,Gestion de fonds,,Utilisation d'outils Business Intelligence (BI) - Informatique décisionnelle,Power BI | Data Visualization,2,,,,,,
209LSFP,Solution Consultant (H/F),2026-06-09 06:14:34.398000+00:00,92,92062,92 - PUTEAUX,48.884019,2.237979,AKILA INFORMATION SYSTEMS,CDI,CDI,Débutant accepté,D,Technicien,I1314,Monteur installateur / Monteuse installatrice d'équipements connectés,Programmation informatique,Mensuel de 3333.0 Euros à 3417.0 Euros sur 12.0 mois,Installer l'équipement sur le site et le connecter aux réseaux extérieurs | GTB | Power BI | IoT,Power BI,1,Mensuel,3333.0,3417.0,39996.0,41004.0,40500.0
209LKPX,"Chargé.e Suivi, Évaluation, Redevabilité et Apprentissage (SERA) (H/F)",2026-06-08 17:08:19.352000+00:00,75,75105,75 - PARIS,48.846127,2.344508,EXPERTISE FRANCE,CDD,CDD - 12 Mois,7 An(s),E,Cadre,M1403,Chargé / Chargée d'études socio-économiques,"Activités spécialisées, scientifiques et techniques diverses",,"Communiquer les résultats des études aux parties prenantes | Améliorer continuellement les méthodes d'analyse | Animer, coordonner une équipe | Assister une structure dans l'interprétation et l'analyse d'une étude | Collaborer avec des équipes multidisciplinaires | Collecter des données statistiques | Communiquer, lire et rédiger des documents techniques, des rapports, des notes en anglais | Concevoir et gérer un projet | Convaincre en argumentant avec un ou plusieurs interlocuteurs | Coordonner le déroulement d'une étude | Développer et gérer des relations ou partenariats | Elaborer des recommandations stratégiques | Etablir des prévisions, des évaluations, des recommandations, des perspectives | Former les équipes aux outils d'analyse économique | Gérer des bases de données | Optimiser des processus de collecte de données | Réaliser une veille documentaire | Rédiger des rapports d'étude détaillés | Respecter les normes éthiques et de confidentialité | Synthétiser et mettre en forme des données pour les présenter lors de réunions stratégiques | Traiter les données d'analyse pour en extraire des tendances | Kobo | Master en Droits humains et Egalité de genre | SPSS | Power BI | Master en Genre & Développement international",Power BI | Tableau,2,,,,,,
209DGKT,Analyste programmeur / décisionnel - business intelligence  (H/F),2026-06-02 21:42:59.481000+00:00,92,92049,92 - MONTROUGE,48.818761,2.320528,KODEMADE,CDI,CDI,Débutant accepté,D,Cadre,M1851,Analyste décisionnel - Business Intelligence,"Ingénierie,études techniques",,Business Intelligence (BI) - Informatique décisionnelle | Tableau Software | Concevoir et développer les programmes et applicat | Langage informatique SQL | Datastage PX | Datastage Server | Business Object | Rédiger une Spécification Technique de Besoin (STB | Cognos | PowerAMC | PLSQL,SQL | Oracle | SQL Server | Tableau,4,,,,,,
208ZJTH,Analyste Master Data & Gouvernance Industrielle H/F (H/F),2026-06-01 10:50:33.835000+00:00,75,75102,75 - PARIS,,,LA CADETTE,CDI,CDI,2 An(s),E,Cadre,M1851,Analyste décisionnel - Business Intelligence,Activités spécialisées de design,,Utilisation d'outils Business Intelligence (BI) - Informatique décisionnelle,SQL | Power BI | Excel | Power Query,4,,,,,,
4235778,Développeur BI (H/F),2026-06-25 11:39:09+00:00,75,75109,75 - Paris 9e Arrondissement,48.872479,2.341194,,CDI,CDI,6 An(s),E,,M1824,Développeur / Développeuse décisionnel - Business Intelligence,,Annuel de 70000.0 Euros,,SQL | Oracle | Power BI | Excel | Power Query,5,Annuel,70000.0,70000.0,70000.0,70000.0,70000.0
4235724,ANALYSTE DATA / BI (H/F) (F/H),2026-06-25 11:38:55+00:00,77,77251,77 - Lieusaint,48.63147,2.551185,,CDI,CDI,Débutant accepté,D,,M1419,Data analyst,,,,,0,,,,,,
4235659,Développeur BI (H/F),2026-06-25 11:38:42+00:00,75,75109,75 - Paris 9e Arrondissement,48.872479,2.341194,,LIB,Profession libérale,6 An(s),E,,M1824,Développeur / Développeuse décisionnel - Business Intelligence,,,,SQL | Oracle | Power BI | Excel | Power Query,5,,,,,,
4179753,Administrateur Power BI Report Server / Microsoft Fabric F/H,2026-06-24 14:35:11+00:00,75,75101,75 - Paris 1er Arrondissement,,,CTS Corporate,CDI,CDI,2 An(s),E,Cadre,M1852,Analyste d'étude informatique,"Ingénierie,études techniques",Annuel de 40000.0 Euros à 60000.0 Euros,,SQL | PostgreSQL | SQL Server | Azure | Snowflake | Power BI,6,Annuel,40000.0,60000.0,40000.0,60000.0,50000.0
4177981,CONSULTANT(E) MOA BI EXPERIMENTE(E) (H/F),2026-06-24 11:21:30+00:00,75,75101,75 - Paris 1er Arrondissement,,,,LIB,Profession libérale,9 An(s),E,,D1403,Conseiller commercial / Conseillère commerciale auprès des particuliers,,,,SQL | SQL Server | Azure | Tableau | SSIS/SSAS/SSRS | Data Visualization,6,,,,,,
4177817,Chef de projet AMOA BI expérimenté(e) (H/F),2026-06-24 11:21:30+00:00,92,92050,92 - Nanterre,48.897361,2.195135,,LIB,Profession libérale,9 An(s),E,,M1881,Chef / Cheffe de projet Maîtrise d'Ouvrage des Systèmes d'Information (MOA),,,,SQL | SQL Server | Power BI | Tableau | Data Visualization,5,,,,,,
4171802,Prévisionniste & bi sur les moteurs à forte puissance f/h,2026-06-24 08:15:38+00:00,77,77306,77 - Montereau-sur-le-Jard,48.597229,2.686574,,CDI,CDI,Débutant accepté,D,,I1602,Mécanicien / Mécanicienne avion,,,,,0,,,,,,
4122978,Chargé(e) de Reporting & Administrateur(trice) BI H/F,2026-06-23 05:43:10+00:00,95,95127,95 - Cergy,49.03611,2.06306,SPIE Groupe,CDI,CDI,Débutant accepté,D,,M1206,Responsable comptabilité,Extraction de pétrole brut,Annuel de 41000.0 Euros à 43000.0 Euros,,SQL | Oracle | Excel,3,Annuel,41000.0,43000.0,41000.0,43000.0,42000.0
4054332,Consultant BI (H/F),2026-06-20 12:25:41+00:00,92,,92 - Hauts-de-Seine,,,,CDI,CDI,Débutant accepté,D,,M1872,Consultant décisionnel / Consultante décisionnelle - Business Intelligence,,Annuel de 39000.0 Euros à 90000.0 Euros,,,0,Annuel,39000.0,90000.0,39000.0,90000.0,64500.0
3899409,Consultant technique Cognos BI (H/F),2026-06-17 11:21:29+00:00,92,92050,92 - Nanterre,48.879998,2.207752,,LIB,Profession libérale,9 An(s),E,,I1302,Technicien / Technicienne de maintenance d'installations automatisées,,,,SQL | SQL Server | Tableau | SSIS/SSAS/SSRS,4,,,,,,
3872426,Alternant BAC+4/BAC+5 - Data - Power Bi - Metro Ligne Rouge L15/16/17 H/F,2026-06-17 04:41:52+00:00,93,93048,93 - Montreuil,48.866597,2.477767,,CDD,CDD - 12 Mois,Débutant accepté,D,,M1811,Data engineer,,,,Power BI,1,,,,,,
3759650,"Consultant Senior ou Manager Data Analyst & BI - secteur Financier, H/F",2026-06-15 03:01:50+00:00,75,75056,75 - Paris,,,EY,CDI,CDI,3 An(s),E,,M1405,Data scientist,,,,Python | SQL | Tableau | Data Visualization,4,,,,,,
3734120,INGENIEUR DATA BI EXPERIMENTE (H/F),2026-06-12 12:14:37+00:00,75,75101,75 - Paris 1er Arrondissement,,,,LIB,Profession libérale,5 An(s),E,,D1403,Assistant commercial / Assistante commerciale,,,,Python | SQL | Java | Scala | Elasticsearch | Spark | ETL | Talend | GCP | BigQuery,10,,,,,,
3632851,CADRE DE SANTE DE BLOC OPERATOIRE BI-SITE (H/F),2026-06-10 07:04:37+00:00,78,78551,78 - Saint-Germain-en-Laye,48.899951,2.083865,FHF,CDI,CDI,Expérience exigée,E,,J1502,Cadre de santé d'unité de soins ou de service paramédical,Hôtels et hébergement similaire,,,,0,,,,,,
3617352,"Consultant Expérimenté & Manager en « Data Analyst & BI » - Secteur Financier, H/F",2026-06-10 03:01:48+00:00,75,75056,75 - Paris,,,EY,CDI,CDI,3 An(s),E,,M1405,Data scientist,,,,,0,,,,,,
3548442,Développeur BI (H/F),2026-06-06 10:40:23+00:00,75,75109,75 - Paris 9e Arrondissement,48.872479,2.341194,,CDI,CDI,Débutant accepté,D,,M1824,Développeur / Développeuse décisionnel - Business Intelligence,,,,,0,,,,,,
3535504,Ingénieur BI / SQL - Services Financiers - Paris (H/F),2026-06-06 05:30:57+00:00,92,92050,92 - Nanterre,48.910508,2.220154,,CDI,CDI,0 An(s),E,Cadre,M1867,Responsable des systèmes d'information (SI),,,,SQL | SQL Server | ETL,3,,,,,,
3516361,Consultant.e Data Analyst Power BI F/H - Valoway,2026-06-05 21:29:44+00:00,75,75119,75 - Paris 19e Arrondissement,48.882941,2.381938,Valoway,CDI,CDI,5 An(s),E,,M1405,Data scientist,Conseil en systèmes et logiciels informatiques,Annuel de 50000.0 Euros à 60000.0 Euros,,Python | SQL | NoSQL | Spark | Databricks | Talend | AWS | Azure | GCP | Snowflake | BigQuery | Power BI | Tableau | Looker,14,Annuel,50000.0,60000.0,50000.0,60000.0,55000.0
3490713,INGENIEUR DATA BI - GENIO (H/F),2026-06-05 11:21:36+00:00,75,75101,75 - Paris 1er Arrondissement,,,,LIB,Profession libérale,5 An(s),E,,M1802,Ingénieur / Ingénieure systèmes et réseaux informatiques,,,,Python | SQL | Java | SQL Server | Elasticsearch | ETL | Talend | GCP | BigQuery | SSIS/SSAS/SSRS,10,,,,,,
3281175,CHAUFFEUR SPL AMPLIROLL BI BENNES H/F,2026-06-02 04:31:30+00:00,93,93001,93 - Aubervilliers,48.914557,2.381792,CONNECTT PARIS,MIS,Intérim - 3 Mois,Expérience exigée,E,Employé qualifié,N4101,Conducteur / Conductrice de poids lourd,Activités des agences de travail temporaire,,,,0,,,,,,
3281016,CHAUFFEUR SPL AMPLIROLL BI BENNES H/F,2026-06-02 04:31:28+00:00,91,91432,91 - Morangis,48.705517,2.332369,CONNECTT PARIS,CDI,CDI,Débutant accepté,D,Employé qualifié,N4101,Conducteur / Conductrice de poids lourd,,Horaire de 12.5 Euros à 13.0 Euros,,,0,Horaire,12.5,13.0,22750.0,23660.0,23205.0
209TZLC,Superviseur Business Intelligence & IA F/H (H/F),2026-06-16 08:36:20.865000+00:00,92,92026,92 - Courbevoie,48.898112,2.238533,RYDGE CONSEIL,CDI,CDI,5 An(s),E,Employé qualifié,M1889,Ingénieur / Ingénieure en Intelligence Artificielle (IA),Activités comptables,Annuel de 45000.0 Euros à 55000.0 Euros sur 12 mois,Développer des modèles prédictifs pour l'analyse de données | Documenter les processus et les architectures d'IA | Optimiser les performances des systèmes d'IA,Azure | Power BI | DAX | Machine Learning | Git | Power Query,6,Annuel,45000.0,55000.0,45000.0,55000.0,50000.0
209HBPL,Business developer IA (H/F),2026-06-04 16:33:42.556000+00:00,93,93071,93 - SEVRAN,48.939529,2.525808,O2E CONSULTING,CDD,CDD - 6 Mois,Débutant accepté,D,Employé qualifié,M1824,Développeur / Développeuse décisionnel - Business Intelligence,"Analyses, essais et inspections techniques",Annuel de 35000.0 Euros sur 12 mois,"Rédiger un cahier des charges, des spécifications techniques",,0,Annuel,35000.0,35000.0,35000.0,35000.0,35000.0
209PNDK,Web et CRO Analyst OUIGO  F/H,2026-06-10 18:09:56.571000+00:00,93,,93 - Seine-Saint-Denis,,,SNCF VOYAGEURS,CDI,CDI,3 An(s),E,Employé qualifié,M1851,Analyste décisionnel - Business Intelligence,Transport ferroviaire interurbain de voyageurs,Annuel de 45000.0 Euros à 52000.0 Euros sur 12.0 mois,,Power BI | Excel,2,Annuel,45000.0,52000.0,45000.0,52000.0,48500.0
209SHJG,Charge(e) d'enseignement - Communication Professionnelle (H/F),2026-06-14 20:36:29.628000+00:00,75,75108,75 - PARIS 08,48.877495,2.317589,EMINENCE BUSINESS ECOLE DE PARIS,LIB,Profession libérale,3 An(s),E,Employé qualifié,K2108,Professeur / Professeure des universités,Formation continue d'adultes,,"Techniques de communication orales, écrites et numériques | Concevoir et préparer les cours, les travaux dirigés ou les travaux pratiques | Enseigner, développer des compétences | Cross Cultural Communication | Career Coaching | Intelligence emotionnelle, developpement personnel | Professional Writing | Corporate Training | conseil en carriere | CV Writing, Interview Preparation, and coaching | Soft Skills | Business communication | Presentations Skills",,0,,,,,,
4319968,Développeur / Développeuse décisionnel - Business Intelligence (H/F),2026-06-27 12:49:03+00:00,75,75109,75 - Paris 9e Arrondissement,48.872479,2.341194,,CDI,CDI,3 An(s),E,,M1824,Développeur / Développeuse décisionnel - Business Intelligence,,,,Azure,1,,,,,,
4318850,Développeur / Développeuse décisionnel - Business Intelligence (H/F),2026-06-27 12:38:13+00:00,75,75109,75 - Paris 9e Arrondissement,48.872479,2.341194,,LIB,Profession libérale,3 An(s),E,,M1824,Développeur / Développeuse décisionnel - Business Intelligence,,,,Azure,1,,,,,,
4234200,Alternance Data Analyst Business Intelligence & Stratégie Industrielle - Châtillon (H/F),2026-06-25 11:21:28+00:00,92,92020,92 - Châtillon,48.799654,2.289749,ISCOD,CDD,CDD - 12 Mois,1 An(s),E,,M1419,Data analyst,,,,Python | SQL | ETL | Power BI | Excel | Power Query,6,,,,,,
4329705,Consultant en Recrutement - Business Developer Division Technologie IT (F/H) (H/F),2026-06-27 16:58:19+00:00,92,92051,92 - Neuilly-sur-Seine,48.884789,2.269688,,CDI,CDI,Débutant accepté,D,,M1824,Développeur / Développeuse décisionnel - Business Intelligence,,,,,0,,,,,,
4171710,Architecte d'entreprise business f/h,2026-06-24 08:15:38+00:00,92,92060,92 - Plessis-Robinson,48.782195,2.262246,,CDI,CDI,Expérience exigée,E,,M1851,Analyste décisionnel - Business Intelligence,,,,,0,,,,,,
4171698,Business developper commercial défénse aérienne f/h,2026-06-24 08:15:38+00:00,92,92060,92 - Plessis-Robinson,48.782195,2.262246,,CDI,CDI,Expérience exigée,E,,M1851,Analyste décisionnel - Business Intelligence,,,,,0,,,,,,
4159765,Business Analyst EPM / Intégration (Tagetik) - Services Financiers - Ile-De-France (H/F),2026-06-24 02:54:40+00:00,75,75056,75 - Paris,,,,CDI,CDI,Débutant accepté,D,,M1414,Ingénieur statisticien / Ingénieure statisticienne,,,,,0,,,,,,
4073272,Alternance Business Developer Junior. - Montrouge (F/H) (H/F),2026-06-21 05:39:10+00:00,92,92049,92 - Montrouge,48.818761,2.320528,,CDD,CDD - 12 Mois,Débutant accepté,D,,M1824,Développeur / Développeuse décisionnel - Business Intelligence,,,,,0,,,,,,
3740147,ALTERNANCE BUSINESS ANALYSTE - H/F,2026-06-12 12:36:07+00:00,92,92063,92 - Rueil-Malmaison,48.871705,2.202508,MAYOLY,CDD,CDD - 12 Mois,Débutant accepté,D,,M1851,Analyste décisionnel - Business Intelligence,Fabrication de préparations pharmaceutiques,,,Excel,1,,,,,,
3702940,Business analyst CRM Salesforce F/H - Marketing (H/F),2026-06-11 05:51:54+00:00,92,92025,92 - Colombes,48.93201,2.266889,MICHAEL PAGE INTERNATIONAL FRANCE,CDI,CDI,Débutant accepté,D,Cadre,M1851,Analyste décisionnel - Business Intelligence,Autres commerces de détail spécialisés divers,,,,0,,,,,,
3687902,Manager Business Transformation H/F (Paris),2026-06-11 03:01:52+00:00,75,75056,75 - Paris,,,EY,CDI,CDI,3 An(s),E,,M1851,Analyste décisionnel - Business Intelligence,,,,,0,,,,,,
3656509,ALTERNANT BUSINESS ANALYST - H/F,2026-06-10 14:34:57+00:00,75,75113,75 - Paris 13e Arrondissement,48.832653,2.35548,,CDD,CDD - 12 Mois,Débutant accepté,D,Employé qualifié,M1851,Analyste décisionnel - Business Intelligence,Autres assurances,Mensuel de 1300.0 Euros à 1800.0 Euros,,SQL | Data Visualization,2,Mensuel,1300.0,1800.0,15600.0,21600.0,18600.0
3539845,Facility management business partner (h/f),2026-06-06 08:15:38+00:00,75,75056,75 - Paris,,,,CDI,CDI,Expérience exigée,E,,M1851,Analyste décisionnel - Business Intelligence,,,,,0,,,,,,
4208867,Consultante / Consultant Intelligent Industry (H/F),2026-06-25 05:30:51+00:00,92,92040,92 - Issy-les-Moulineaux,48.82453,2.273793,,CDD,CDD - 12 Mois,Débutant accepté,D,Agent de maîtrise,M1872,Consultant décisionnel / Consultante décisionnelle - Business Intelligence,,,,,0,,,,,,
4331402,"Consultant.e Senior Financial Services Agile, Operating Model & Sourcing (H/F)",2026-06-27 18:43:58+00:00,92,92050,92 - Nanterre,48.910508,2.220154,,CDI,CDI,Débutant accepté,D,,M1872,Consultant décisionnel / Consultante décisionnelle - Business Intelligence,,,,,0,,,,,,
4070063,"Consultant.e Senior Financial Services Agile, Operating Model & Sourcing (H/F)",2026-06-21 03:44:02+00:00,92,92050,92 - Nanterre,48.910508,2.220154,,CDI,CDI,Débutant accepté,D,,M1872,Consultant décisionnel / Consultante décisionnelle - Business Intelligence,,,,,0,,,,,,
4038197,Consultant DATA Fabric H/F,2026-06-20 04:31:32+00:00,92,92050,92 - Nanterre,48.910508,2.220154,EXPERTIME,CDI,CDI,Débutant accepté,D,Cadre,M1872,Consultant décisionnel / Consultante décisionnelle - Business Intelligence,,Annuel de 48000.0 Euros à 55000.0 Euros,,Python | R | SQL | SQL Server | ETL | Azure | Power BI | Machine Learning | Data Visualization,9,Annuel,48000.0,55000.0,48000.0,55000.0,51500.0
3459865,AI Automation Builder (Tech Ops) F/H - Qualisocial,2026-06-04 21:30:46+00:00,75,75102,75 - Paris 2e Arrondissement,,,Qualisocial,CDI,CDI,1 An(s),E,,M1824,Développeur / Développeuse décisionnel - Business Intelligence,Conseil pour les affaires et autres conseils de gestion,Annuel de 35000.0 Euros à 40000.0 Euros,,Python | JavaScript,2,Annuel,35000.0,40000.0,35000.0,40000.0,37500.0
210LCDC,Chargé de projet data analyst (H/F),2026-06-29 09:58:36.173000+00:00,75,75117,75 - PARIS,48.884682,2.322169,REXEL FRANCE,CDD,CDD - 6 Mois,2 An(s),E,Cadre,M1419,Data analyst,Commerce de gros (commerce interentreprises) de matériel électrique,Annuel de 35000.0 Euros à 42000.0 Euros sur 12 mois,"Adapter les outils de traitement statistique de données | Communiquer les résultats des études aux parties prenantes | Analyser, exploiter, structurer des données | Collaborer avec des équipes pour intégrer des analyses",SQL | Power BI | Tableau | Qlik | Data Visualization,5,Annuel,35000.0,42000.0,35000.0,42000.0,38500.0
210GWWS,Chargé(e) d'Approvisionnement & Data Analyst (H/F),2026-06-24 16:10:49.510000+00:00,93,,93 - Seine-Saint-Denis,,,FEELNFOOD,CDI,CDI,Débutant accepté,D,Employé qualifié,M1419,Data analyst,Services des traiteurs,Annuel de 26000.0 Euros sur 12 mois,"Analyse de données client | Analyse de données opérationnelles | Adapter les outils de traitement statistique de données | Communiquer les résultats des études aux parties prenantes | Analyser des données pour identifier des tendances | Analyser et prévenir les risques | Analyser, exploiter, structurer des données | Animer une démarche agile et innovante | Collaborer avec des équipes pour intégrer des analyses | Collecter et analyser des données, des informations | Concevoir des tableaux de bord pour le suivi des performances | Concevoir un plan d'analyse statistique | Développer des tableaux de bord pour suivre les indicateurs de performance (KPI) | Etablir des prévisions, des évaluations, des recommandations, des perspectives | Interpréter des résultats d'analyses pour des décisions stratégiques | Optimiser des processus d'analyse de données",SQL | Power BI | Looker | Excel,4,Annuel,26000.0,26000.0,26000.0,26000.0,26000.0
210GRPL,ALTERNANT DATA ANALYST H/F (H/F),2026-06-24 14:46:33.917000+00:00,78,78640,78 - Vélizy-Villacoublay,48.797269,2.194266,JUNGHEINRICH FRANCE,CDD,CDD - 12 Mois,Débutant accepté,D,Employé qualifié,M1419,Data analyst,Commerce de gros (commerce interentreprises) de fournitures et équipements industriels divers,,Adapter les outils de traitement statistique de données | Communiquer les résultats des études aux parties prenantes,Tableau | Excel,2,,,,,,
210GKQT,Data analyst (F/H),2026-06-24 11:51:34.997000+00:00,77,77251,77 - Lieusaint,48.63147,2.551185,RANDSTAD,CDI,CDI,1 An(s),E,Employé qualifié,M1403,Chargé / Chargée d'études socio-économiques,Activités des agences de travail temporaire,Annuel de 30000.0 Euros sur 12 mois,Communiquer les résultats des études aux parties prenantes | Réaliser une veille documentaire,SQL | Oracle,2,Annuel,30000.0,30000.0,30000.0,30000.0,30000.0
209ZDHG,Data Analyst (H/F),2026-06-18 17:15:52.563000+00:00,75,,75 - Paris,,,E-KENT,CDI,CDI,3 An(s),E,Technicien,M1419,Data analyst,Conseil en systèmes et logiciels informatiques,Annuel de 50000.0 Euros à 55000.0 Euros sur 12 mois,Adapter les outils de traitement statistique de données | Communiquer les résultats des études aux parties prenantes,PostgreSQL | Oracle | ETL,3,Annuel,50000.0,55000.0,50000.0,55000.0,52500.0
209YXHJ,Business Analyst Data - Reporting & Qualité des Données (H/F),2026-06-18 15:31:34.403000+00:00,75,75102,75 - PARIS,,,LUNALOGIC,CDI,CDI,4 An(s),E,Cadre,M1806,Consultant fonctionnel / Consultante fonctionnelle des systèmes d'information,Conseil en systèmes et logiciels informatiques,Annuel de 45000.0 Euros à 65000.0 Euros sur 12.0 mois,Concevoir et gérer un projet | sql | sas | alm bancaire | reporting reglementaire | data quality banque,SQL | SAS | Excel | Machine Learning | Deep Learning,5,Annuel,45000.0,65000.0,45000.0,65000.0,55000.0
209WQHR,Data Analyst (H/F),2026-06-17 08:44:36.973000+00:00,78,78356,78 - MAGNY LES HAMEAUX,48.72402,2.083948,CRIT,MIS,Intérim - 6 Mois,2 An(s),E,Employé qualifié,M1419,Data analyst,Activités des agences de travail temporaire,Annuel de 30000.0 Euros à 35000.0 Euros sur 12.0 mois,Adapter les outils de traitement statistique de données | Communiquer les résultats des études aux parties prenantes,Excel,1,Annuel,30000.0,35000.0,30000.0,35000.0,32500.0
209WCJB,Data Analyst (h/f),2026-06-16 16:02:31.851000+00:00,78,78356,78 - Magny-les-Hameaux,48.72402,2.083948,ADECCO FRANCE,MIS,Intérim - 12 Mois,1 An(s),E,Cadre,M1419,Data analyst,Activités des agences de travail temporaire,,,Python | SQL | Power BI | Excel,4,,,,,,
209MWRD,SENIOR DATA ANALYST H/F/NB (H/F),2026-06-09 16:34:12.815000+00:00,75,75116,75 - PARIS 16,48.86363,2.27642,NRJ GROUP,CDI,CDI,2 An(s),E,Cadre,M1419,Data analyst,Activités des sièges sociaux,Mensuel de 1900.0 Euros sur 12.0 mois,Adapter les outils de traitement statistique de données | Communiquer les résultats des études aux parties prenantes,SQL | Power BI | Tableau | Excel,4,Mensuel,1900.0,1900.0,22800.0,22800.0,22800.0
209HJYL,Senior data analyst F/H (H/F),2026-06-05 06:21:56.769000+00:00,92,92026,92 - Courbevoie,48.901819,2.267542,SAINT-GOBAIN DISTRIBUTION BATIMENT FRANC,CDI,CDI,5 An(s),E,Cadre,M1419,Data analyst,Activités des sièges sociaux,Annuel de 60000.0 Euros à 70000.0 Euros sur 12.0 mois,Adapter les outils de traitement statistique de données | Communiquer les résultats des études aux parties prenantes,Python | R | SQL | Power BI | Git | Data Visualization,6,Annuel,60000.0,70000.0,60000.0,70000.0,65000.0
209CWRZ,CDD - Data Analyst H/F,2026-06-02 16:17:27.159000+00:00,91,91086,91 - BONDOUFLE,48.613238,2.380131,ITM AI INTERMARCHE,CDD,CDD - 5 Mois,3 An(s),E,Cadre,M1419,Data analyst,Commerce de gros (commerce interentreprises) alimentaire non spécialisé,Annuel de 22404.2 Euros sur 12.0 mois,,Python | R | SQL | Spark | Databricks | Power BI | Data Visualization,7,Annuel,22404.2,22404.2,22404.0,22404.0,22404.0
209CWDG,Data Analyst H/F,2026-06-02 16:09:01.462000+00:00,91,91086,91 - BONDOUFLE,48.613238,2.380131,ITM AI INTERMARCHE,CDI,CDI,3 An(s),E,Cadre,M1419,Data analyst,Commerce de gros (commerce interentreprises) alimentaire non spécialisé,Annuel de 22404.2 Euros sur 12.0 mois,,Python | SQL | Spark | Databricks | Power BI | Data Visualization,6,Annuel,22404.2,22404.2,22404.0,22404.0,22404.0
209CKYJ,Alternance - Data Analyst Achats Packaging F/H (H/F),2026-06-02 13:55:29.987000+00:00,92,92026,92 - Courbevoie,48.901819,2.267542,COMPAGNIE DE SAINT-GOBAIN,CDD,CDD - 12 Mois,Débutant accepté,D,Employé qualifié,M1419,Data analyst,Activités des sièges sociaux,Mensuel de 1407.22 Euros à 1638.26 Euros sur 12.0 mois,Adapter les outils de traitement statistique de données | Communiquer les résultats des études aux parties prenantes,Power BI | Excel,2,Mensuel,1407.22,1638.26,16887.0,19659.0,18273.0
210KTYY,CDD - Responsable d'Analyse Master Data Achats (H/F),2026-06-26 23:48:12.945000+00:00,93,93070,93 - Saint-Ouen-sur-Seine,48.911659,2.33441,CONCESSIONS GARES FRANCE,CDD,CDD - 9 Mois,5 An(s),E,Cadre,M1419,Data analyst,Restauration de type rapide,Annuel de 40000.0 Euros à 45000.0 Euros sur 12.0 mois,,Excel,1,Annuel,40000.0,45000.0,40000.0,45000.0,42500.0
209TSDR,Tech Lead DATA (H/F/X),2026-06-15 17:55:46.092000+00:00,92,92049,92 - Montrouge,48.818761,2.320528,SIEGE   SERVICES ADMINISTRATIFS,CDI,CDI,5 An(s),E,Cadre,M1419,Data analyst,Action sociale sans hébergement n.c.a.,Annuel de 55000.0 Euros à 60000.0 Euros sur 12.0 mois,,SQL | ETL | Data Visualization,3,Annuel,55000.0,60000.0,55000.0,60000.0,57500.0
4361321,Data Analyst Expérimenté (H/F),2026-06-29 11:21:30+00:00,91,91377,91 - Massy,48.730893,2.271256,DGTL Performance,CDI,CDI,2 An(s),E,,M1419,Data analyst,,,,SQL | AWS | Azure | GCP | BigQuery,5,,,,,,
4341287,Data Analyst MDD (F/H) - en alternance - MASSY (H/F),2026-06-28 03:34:58+00:00,91,91377,91 - Massy,48.730893,2.271256,,CDD,CDD - 12 Mois,Débutant accepté,D,,M1419,Data analyst,,,,Python | SQL | GCP | BigQuery | Looker,5,,,,,,
4318479,Data analyst (H/F),2026-06-27 12:36:51+00:00,92,92062,92 - Puteaux,48.884019,2.237979,,LIB,Profession libérale,3 An(s),E,,M1419,Data analyst,,,,Power BI | Tableau | Excel | Power Query,4,,,,,,
4318145,Data analyst (H/F),2026-06-27 12:35:34+00:00,75,75109,75 - Paris 9e Arrondissement,48.872479,2.341194,,CDI,CDI,3 An(s),E,,M1419,Data analyst,,,,Python | R | SQL | Power BI | DAX | Power Query | Data Visualization,7,,,,,,
4317834,Data analyst (H/F),2026-06-27 12:34:28+00:00,75,75109,75 - Paris 9e Arrondissement,48.872479,2.341194,,LIB,Profession libérale,3 An(s),E,,M1419,Data analyst,,,,Python | R | SQL | Power BI | DAX | Power Query | Data Visualization,7,,,,,,
4317057,Data analyst (H/F),2026-06-27 12:31:38+00:00,92,92062,92 - Puteaux,48.884019,2.237979,,CDI,CDI,3 An(s),E,,M1419,Data analyst,,,,Power BI | Tableau | Excel | Power Query,4,,,,,,
4300427,Data Analyst (H/F),2026-06-27 05:38:09+00:00,75,75116,75 - Paris 16e Arrondissement,48.859295,2.345581,Robert Walters,MIS,Intérim - 6 Mois,5 An(s),E,Cadre,M1419,Data analyst,Activités des agences de travail temporaire,Annuel de 50000.0 Euros à 55000.0 Euros,,Python | R | SQL | Excel,4,Annuel,50000.0,55000.0,50000.0,55000.0,52500.0
4299819,Data Analyst F/H (H/F),2026-06-27 05:36:21+00:00,75,75110,75 - Paris 10e Arrondissement,48.859295,2.345581,Robert Half International,CDD,CDD - 6 Mois,1 An(s),E,,M1419,Data analyst,Activités des agences de travail temporaire,Annuel de 44000.0 Euros à 44000.0 Euros,,SQL | SAS | Excel,3,Annuel,44000.0,44000.0,44000.0,44000.0,44000.0
4256260,Data Analyst H/F,2026-06-26 05:30:57+00:00,91,91228,91 - Évry-Courcouronnes,48.63645,2.446305,,CDI,CDI,0 An(s),E,Technicien,M1419,Data analyst,,,,Python | SQL | Spark | Databricks | Power BI | Data Visualization,6,,,,,,
4255667,CDD - Data Analyst (H/F),2026-06-26 05:00:28+00:00,91,91228,91 - Évry-Courcouronnes,48.634133,2.430629,Forums Talents Handicap,CDD,CDD - 3 Mois,Débutant accepté,D,,M1419,Data analyst,,,,Python | SQL | Spark | Databricks | Power BI | Data Visualization,6,,,,,,
4244828,DATA ANALYST JUNIOR - H/F,2026-06-25 19:33:49+00:00,92,92051,92 - Neuilly-sur-Seine,48.884789,2.269688,GLOBE GROUPE,CDI,CDI,2 An(s),E,,G1211,Analyste de la performance sportive,Conseil pour les affaires et autres conseils de gestion,Annuel de 30000.0 Euros à 38000.0 Euros,,Power BI | Excel,2,Annuel,30000.0,38000.0,30000.0,38000.0,34000.0
4239452,RH Data Analyst et Project Manager (F/H) (H/F),2026-06-25 15:32:01+00:00,75,75056,75 - Paris,,,,MIS,Intérim - 6 Mois,Débutant accepté,D,,M1811,Data engineer,Activités des agences de placement de main-d'œuvre,,,,0,,,,,,
4238869,Data analyst marketing - études de marchés F/H,2026-06-25 14:34:57+00:00,75,75113,75 - Paris 13e Arrondissement,48.832653,2.35548,JOB LINK,MIS,Intérim - 3 Mois,7 An(s),E,Cadre,M1419,Data analyst,Activités des agences de travail temporaire,Annuel de 55000.0 Euros à 60000.0 Euros,,Excel,1,Annuel,55000.0,60000.0,55000.0,60000.0,57500.0
4208467,Data Quality Analyst Senior - (H/F),2026-06-25 05:00:15+00:00,92,92050,92 - Nanterre,48.910508,2.220154,BNP Paribas Mission Handicap ,CDI,CDI,1 An(s),E,,M1419,Data analyst,,,,,0,,,,,,
4173195,Lead Data Analyst H/F,2026-06-24 08:42:53+00:00,75,75110,75 - Paris 10e Arrondissement,48.859295,2.345581,Fed Group,CDI,CDI,5 An(s),E,,M1811,Data engineer,Collecte des déchets non dangereux,Annuel de 70000.0 Euros à 70000.0 Euros,,Python | SQL | GCP | Qlik | Data Visualization,5,Annuel,70000.0,70000.0,70000.0,70000.0,70000.0
4163447,Data Analyst Observation H/F,2026-06-24 04:31:36+00:00,75,75112,75 - Paris 12e Arrondissement,48.840813,2.388195,Opco Ep,CDI,CDI,Débutant accepté,D,Cadre,M1419,Data analyst,,Annuel de 45000.0 Euros à 46000.0 Euros,,Python | R | SQL | PostgreSQL | MySQL | MongoDB | Power BI | Tableau | Excel | Data Visualization,10,Annuel,45000.0,46000.0,45000.0,46000.0,45500.0
4163375,Data Analyst Banque expérimenté (H/F),2026-06-24 04:31:36+00:00,75,75056,75 - Paris,,,ALTECA,CDI,CDI,Débutant accepté,D,Cadre,M1419,Data analyst,,Annuel de 50000.0 Euros à 55000.0 Euros,,Python | R | Scala | Spark | Hadoop | Kafka | Talend | Power BI | Data Visualization,9,Annuel,50000.0,55000.0,50000.0,55000.0,52500.0
4162385,Data Automation & Reporting Analyst  (F/H) (H/F),2026-06-24 04:13:28+00:00,92,92062,92 - Puteaux,48.884019,2.237979,,CDI,CDI,Débutant accepté,D,,M1419,Data analyst,,,,Power BI | Power Query,2,,,,,,
4140272,Data Analyst (H/F),2026-06-23 11:21:33+00:00,78,78498,78 - Poissy,48.927303,2.04262,Nacimut,CDI,CDI,2 An(s),E,,M1419,Data analyst,,,,SQL | Oracle | Power BI | DAX | Data Visualization,5,,,,,,
4052198,Data analyst (H/F),2026-06-20 11:27:52+00:00,75,75109,75 - Paris 9e Arrondissement,48.872479,2.341194,,CDI,CDI,3 An(s),E,,M1419,Data analyst,,,,Python | R,2,,,,,,
3999612,Data Analyst H/F,2026-06-19 08:41:23+00:00,78,78356,78 - Magny-les-Hameaux,48.72402,2.083948,,MIS,Intérim - 1 Mois,Débutant accepté,D,,M1419,Data analyst,Activités des agences de placement de main-d'œuvre,,,,0,,,,,,
3940790,Alternant Data Analyst - Achats H/F,2026-06-18 05:38:23+00:00,95,95127,95 - Cergy,49.040112,2.050821,SPIE Groupe,CDD,CDD - 24 Mois,Débutant accepté,D,,M1419,Data analyst,Construction de réseaux électriques et de télécommunications,,,SQL | Power BI | Excel | Data Visualization,4,,,,,,
3905025,Data Analyst - Programme PSCC AP-HP F/H,2026-06-17 14:36:08+00:00,75,75112,75 - Paris 12e Arrondissement,48.840813,2.388195,,CDD,CDD - 24 Mois,2 An(s),E,,M1419,Data analyst,Activités hospitalières,Annuel de 45000.0 Euros à 55000.0 Euros,,Python | R | SQL | NoSQL | Hadoop | dbt | Power BI | Tableau | Machine Learning | Deep Learning,10,Annuel,45000.0,55000.0,45000.0,55000.0,50000.0
3869747,DATA ANALYST /DATA SCIENTIST F/H) (H/F),2026-06-17 03:33:46+00:00,75,75056,75 - Paris,,,,MIS,Intérim - 6 Mois,Débutant accepté,D,,M1405,Data scientist,Activités des agences de placement de main-d'œuvre,,,,0,,,,,,
3858709,CDD - Data Analyst H/F,2026-06-16 20:27:10+00:00,91,91648,91 - Vert-le-Grand,48.573152,2.359098,,CDI,CDI,Débutant accepté,D,,M1419,Data analyst,,,,,0,,,,,,
3822703,Data analyst industriel h/f,2026-06-16 08:15:39+00:00,92,92025,92 - Colombes,48.93201,2.266889,,MIS,Intérim - 12 Mois,Expérience exigée,E,,G1302,Yield manager,Activités des agences de travail temporaire,,,Data Visualization,1,,,,,,
3821076,"Contrôleur de gestion/data analyst F/H - Contrôle de gestion, audit (H/F)",2026-06-16 07:48:57+00:00,94,94033,94 - Fontenay-sous-Bois,48.848871,2.474893,BanquePalatine,CDD,CDD - 9 Mois,2 An(s),E,Cadre,M1204,Contrôleur / Contrôleuse de gestion,"Autres activités des services financiers, hors assurance et caisses de retraite, n.c.a.",,,SQL | Power BI | Excel | Data Visualization,4,,,,,,
3785665,JCDecaux - Data analyst (H/F),2026-06-15 21:21:30+00:00,92,92051,92 - Neuilly-sur-Seine,48.884789,2.269688,,CDI,CDI,2 An(s),E,,M1419,Data analyst,Régie publicitaire de médias,,,Power BI | Tableau | Excel,3,,,,,,
3766605,"DATA ANALYST F/H - Système, réseaux, données (H/F)",2026-06-15 05:37:47+00:00,94,94028,94 - Créteil,48.791929,2.463674,Fed Finance Réseau,CDI,CDI,5 An(s),E,Cadre,M1419,Data analyst,Activités de banque centrale,,,,0,,,,,,
3739979,HR DATA & C&B ANALYST - H/F,2026-06-12 12:36:00+00:00,92,92063,92 - Rueil-Malmaison,48.871705,2.202508,MAYOLY,CDI,CDI,2 An(s),E,,K1601,Documentaliste,Fabrication de préparations pharmaceutiques,,,Power BI | Excel,2,,,,,,
3734228,DATA ANALYST SENIOR LOOKER (H/F),2026-06-12 12:14:38+00:00,75,75101,75 - Paris 1er Arrondissement,,,,LIB,Profession libérale,Débutant accepté,D,,M1419,Data analyst,,,,R | SQL | Qlik | Looker | Excel | Data Visualization,6,,,,,,
3663445,"Data Steward/Analyst Fleet Management & Plans de Dépose F/H - Système, réseaux, données (H/F)",2026-06-10 16:07:11+00:00,77,77306,77 - Montereau-sur-le-Jard,48.597229,2.686574,Safran Aircraft Engines,CDI,CDI,3 An(s),E,Cadre,M1405,Data scientist,Construction aéronautique et spatiale,,,SQL | Power BI | Tableau | Data Visualization,4,,,,,,
3660397,ALTERNANT- Product Owner Data Analyst H/F,2026-06-10 15:45:33+00:00,92,92024,92 - Clichy,46.227638,2.213749,HUTCHINSON France,CDD,CDD - 12 Mois,Débutant accepté,D,,H2504,Chef / Cheffe d'équipe en industrie,Fabrication d'autres articles en caoutchouc,,,,0,,,,,,
3614109,LAFORET FRANCE - Data analyst (H/F),2026-06-09 21:21:43+00:00,75,75114,75 - Paris 14e Arrondissement,48.832769,2.325738,,CDI,CDI,2 An(s),E,,M1419,Data analyst,Agences immobilières,,,Python | SQL | Power BI | Looker | Excel,5,,,,,,
3613995,Data Analyst H/F en alternance,2026-06-09 21:00:42+00:00,94,94028,94 - Créteil,48.802178,2.455567,,CDI,CDI,Débutant accepté,D,Cadre,M1419,Data analyst,,,,Excel | Data Visualization,2,,,,,,
3542641,Data analyst (H/F),2026-06-06 09:36:16+00:00,75,75109,75 - Paris 9e Arrondissement,48.872479,2.341194,,CDI,CDI,Débutant accepté,D,,M1419,Data analyst,,,,Talend | Qlik | Data Visualization,3,,,,,,
3535457,Business Analyst Data - MDM Informatica - Services Financiers - Ile-de-France (H/F),2026-06-06 05:30:56+00:00,75,75101,75 - Paris 1er Arrondissement,,,,CDI,CDI,0 An(s),E,Technicien,M1419,Data analyst,,,,SQL,1,,,,,,
3521457,Data analyst & Chef(fe) de projet merchandising  H/F,2026-06-06 01:01:58+00:00,77,77407,77 - Saint-Fargeau-Ponthierry,48.529976,2.543941,CPI GLOBAL,CDI,CDI,3 An(s),E,,M1419,Data analyst,Fabrication de cartonnages,Annuel de 30000.0 Euros à 35000.0 Euros sur 12.0 mois,,SQL | Power BI | Excel,3,Annuel,30000.0,35000.0,30000.0,35000.0,32500.0
3488356,Alternance Data Analyst / Automatisation des Processus - Arcueil (F/H) (H/F),2026-06-05 10:02:41+00:00,94,94003,94 - Arcueil,48.804427,2.33492,,CDD,CDD - 12 Mois,Débutant accepté,D,,M1419,Data analyst,,,,Python | SQL,2,,,,,,
3461497,SNCF - Data Analyst Santé Sécurité au Travail (H/F),2026-06-04 21:40:37+00:00,93,93066,93 - Saint-Denis,48.908581,2.358962,,CDD,CDD - 12 Mois,Débutant accepté,D,Cadre,M1419,Data analyst,,,,Python | Data Visualization,2,,,,,,
3379740,RH Data Analyst et Project Manager (F/H) (H/F),2026-06-03 13:49:36+00:00,75,,75 - Paris,48.862629,2.336293,Michael Page Interim,CDD,CDD - 6 Mois,1 An(s),E,,M1419,Data analyst,Commerce de détail d'habillement en magasin spécialisé,Annuel de 60000.0 Euros à 70000.0 Euros sur 6.0 mois,,Power BI | Excel | Data Visualization,3,Annuel,60000.0,70000.0,60000.0,70000.0,65000.0
3371037,Alternance Data Analyst / Automatisation des Processus - Arcueil (H/F),2026-06-03 11:21:31+00:00,94,94003,94 - Arcueil,48.804427,2.33492,,CDD,CDD - 12 Mois,1 An(s),E,,M1419,Data analyst,,,,Python | SQL | Power BI | Tableau | Data Visualization,5,,,,,,
3265272,CPAM des Yvelines - Data analyst (H/F),2026-06-01 21:20:42+00:00,78,78646,78 - Versailles,48.801228,2.130076,,CDI,CDI,2 An(s),E,,M1419,Data analyst,Activités générales de sécurité sociale,,,Excel | Data Visualization,2,,,,,,
3832682,Business Analyst technique IA / RAG (H/F),2026-06-16 11:21:26+00:00,94,94046,94 - Maisons-Alfort,48.800972,2.430532,,CDI,CDI,9 An(s),E,,M1419,Data analyst,,,,AWS | Azure | Kubernetes,3,,,,,,
3312991,Business Analyst Junior F/H (H/F),2026-06-02 11:06:27+00:00,78,78640,78 - Vélizy-Villacoublay,48.783985,2.197075,Eiffage,CDI,CDI,1 An(s),E,,M1419,Data analyst,Construction d'autres bâtiments,,,Python | SQL | PostgreSQL | SQL Server | Power BI | Excel | Power Query | Data Visualization,8,,,,,,
4300917,Alternance - Analyst Revenue Operations & Sales Performance H/F,2026-06-27 05:39:35+00:00,75,75109,75 - Paris 9e Arrondissement,48.859295,2.345581,Pluxee,CDD,CDD - 12 Mois,Débutant accepté,D,,G1211,Analyste de la performance sportive,Intermédiaires spécialisés dans le commerce d'autres produits spécifiques,,,,0,,,,,,
4262427,Business Analyst - Calypso (H/F),2026-06-26 11:21:28+00:00,92,92049,92 - Montrouge,48.818761,2.320528,Act Digital France,CDI,CDI,5 An(s),E,,M1419,Data analyst,,,,,0,,,,,,
4234913,Analyste data (H/F),2026-06-25 11:35:57+00:00,77,77251,77 - Lieusaint,48.63147,2.551185,,CDI,CDI,3 An(s),E,,M1419,Data analyst,,,,SQL,1,,,,,,
4110418,Data / Analytics Engineer - AWS / Databricks - Economie circulaire - H/F,2026-06-22 23:01:13+00:00,92,92026,92 - Courbevoie,48.898112,2.238533,Externatic,CDI,CDI,3 An(s),E,,M1419,Data analyst,Conseil pour les affaires et autres conseils de gestion,Annuel de 45000.0 Euros à 50000.0 Euros,,Python | SQL | Spark | Airflow | Databricks | AWS | Power BI | Tableau,8,Annuel,45000.0,50000.0,45000.0,50000.0,47500.0
4055520,Business analyst (H/F),2026-06-20 14:34:34+00:00,75,75109,75 - Paris 9e Arrondissement,48.872479,2.341194,,CDD,CDD - 12 Mois,Débutant accepté,D,Employé qualifié,M1419,Data analyst,Autres assurances,,,Excel,1,,,,,,
4052007,Business Analyst IA (H/F),2026-06-20 11:21:28+00:00,94,94018,94 - Charenton-le-Pont,48.819716,2.41612,,CDI,CDI,Débutant accepté,D,,M1419,Data analyst,,,,,0,,,,,,
3941310,Alternance - Data Scientist et Digitalisation H/F,2026-06-18 05:40:07+00:00,91,91692,91 - Ulis,48.679298,2.1665,LFB,CDD,CDD - 12 Mois,Débutant accepté,D,,M1419,Data analyst,Fabrication de produits pharmaceutiques de base,,,Python | C# | JavaScript | Machine Learning,4,,,,,,
3871548,Analytics engineer H/F,2026-06-17 04:31:32+00:00,92,92044,92 - Levallois-Perret,48.892818,2.287751,JEMS,CDI,CDI,Expérience exigée,E,Cadre,M1419,Data analyst,,Annuel de 45000.0 Euros à 60000.0 Euros,,SQL | dbt | Snowflake | Data Visualization,4,Annuel,45000.0,60000.0,45000.0,60000.0,52500.0
3866178,Business Analyst ERP H/F,2026-06-16 23:01:04+00:00,75,75102,75 - Paris 2e Arrondissement,,,,CDI,CDI,Débutant accepté,D,,M1419,Data analyst,Conseil pour les affaires et autres conseils de gestion,Annuel de 40000.0 Euros à 50000.0 Euros,,Python | SQL,2,Annuel,40000.0,50000.0,40000.0,50000.0,45000.0
3648183,Administration fonctionnel / Business analyst SI (H/F),2026-06-10 11:21:38+00:00,92,92050,92 - Nanterre,48.910508,2.220154,,CDI,CDI,2 An(s),E,,M1419,Data analyst,,,,Hive,1,,,,,,
3486984,Alternance Business Analyst Performance et Pilotage - Puteaux (F/H) (H/F),2026-06-05 09:46:35+00:00,92,92062,92 - Puteaux,48.884019,2.237979,,CDD,CDD - 12 Mois,Débutant accepté,D,,G1211,Analyste de la performance sportive,,,,,0,,,,,,
3427443,ASSISTANT DATA ANALYTICS (F/H) - EN ALTERNANCE (H/F),2026-06-04 07:37:03+00:00,92,92049,92 - Montrouge,48.815304,2.316489,Groupe TDF,CDD,CDD - 24 Mois,Débutant accepté,D,,M1419,Data analyst,Construction de réseaux électriques et de télécommunications,,,Python | R | SQL | PostgreSQL | Airflow | dbt | Snowflake | Power BI | Git,9,,,,,,
4110563,Analyste moteurs (H/F),2026-06-23 01:02:05+00:00,95,95277,95 - Gonesse,48.98631,2.449911,STANDARDAERO FRANCE,CDI,CDI,Débutant accepté,D,,M1419,Data analyst,,Annuel de 35000.0 Euros à 45000.0 Euros sur 12.0 mois,,Excel,1,Annuel,35000.0,45000.0,35000.0,45000.0,40000.0
3916528,Analyste - Corporate Finance H/F,2026-06-17 20:28:55+00:00,75,75116,75 - Paris 16e Arrondissement,48.86363,2.27642,ZADIENT Technologies SAS,CDI,CDI,3 An(s),E,,M1419,Data analyst,Fabrication de composants électroniques,,,,0,,,,,,
3618294,"V.I.E  Analyste de la performance B2B, Management transversal & Optimisation des stocks (F/H) - Espagne - MASSY (H/F)",2026-06-10 03:31:12+00:00,91,91377,91 - Massy,48.730893,2.271256,,CDI,CDI,Débutant accepté,D,,G1211,Analyste de la performance sportive,,,,R,1,,,,,,
210KNBC,Data engineer (H/F),2026-06-26 16:48:29.025000+00:00,92,92062,92 - PUTEAUX,48.884019,2.237979,INVIVOO,CDI,CDI,5 An(s),E,Cadre,M1811,Data engineer,Conseil en systèmes et logiciels informatiques,Annuel de 50000.0 Euros à 60000.0 Euros sur 12 mois,"Analyser, exploiter, structurer des données",Spark | Databricks,2,Annuel,50000.0,60000.0,50000.0,60000.0,55000.0
210FJSC,DATA engineer (H/F),2026-06-23 15:20:55.527000+00:00,75,,75 - Paris,,,LBESOFT,CDI,CDI,4 An(s),E,Cadre,M1811,Data engineer,Conseil en systèmes et logiciels informatiques,Annuel de 40000.0 Euros à 55000.0 Euros sur 12 mois,"Analyser, exploiter, structurer des données",Python | SQL | PostgreSQL | MongoDB | Elasticsearch | Spark | Kafka | Airflow | dbt | ETL | Databricks | AWS | Azure | GCP | Snowflake | BigQuery | Docker | Kubernetes | Git,19,Annuel,40000.0,55000.0,40000.0,55000.0,47500.0
209XBXK,Data Engineer (H/F),2026-06-17 11:55:15.351000+00:00,93,93051,93 - Noisy-le-Grand,48.83049,2.566899,E-KENT,CDI,CDI,3 Mois,E,Technicien,M1811,Data engineer,Conseil en systèmes et logiciels informatiques,Annuel de 50000.0 Euros à 55000.0 Euros sur 12 mois,"Analyser, exploiter, structurer des données",Python | Databricks | Pandas | NumPy,4,Annuel,50000.0,55000.0,50000.0,55000.0,52500.0
209WXPY,"DCEO Chief Engineer, Data Center Engineering Operations H/F",2026-06-17 10:59:24.696000+00:00,93,93066,93 - Saint-Denis,48.908581,2.358962,AMAZON DATA SERVICES FRANCE SAS,CDI,CDI,2 An(s),E,Employé qualifié,M1802,Expert / Experte systèmes et réseaux informatiques,Gestion d'installations informatiques,,"Concevoir un logiciel, un système d'informations, une application | Evaluer le résultat de ses actions | Concevoir et gérer un projet",,0,,,,,,
209WWVQ,"DCEO Engineer, Data Center Engineering Operations H/F",2026-06-17 10:45:21.306000+00:00,95,95018,95 - Argenteuil,48.947746,2.248868,AMAZON DATA SERVICES FRANCE SAS,CDI,CDI,7 An(s),E,Employé qualifié,M1802,Expert / Experte systèmes et réseaux informatiques,Gestion d'installations informatiques,,"Concevoir un logiciel, un système d'informations, une application | Evaluer le résultat de ses actions | Concevoir et gérer un projet",,0,,,,,,
209NMRK,Data Engineer Senior (H/F) CDI,2026-06-10 10:22:32.008000+00:00,75,,75 - Paris (Dept.),,,THOM,CDI,CDI,2 An(s),E,Agent de maîtrise,M1811,Data engineer,Gestion de fonds,,"Mastère spécialisé expert big data engineer | Analyser, exploiter, structurer des données",SQL | dbt | Snowflake | Power BI,4,,,,,,
209HFHP,Data Engineer GCP (H/F),2026-06-04 17:39:07.291000+00:00,,,Ile-de-France,,,ALTEN SYSTEMES D'INFORMATION ET RESEAUX,CDI,CDI,3 An(s),E,Cadre,M1811,Data engineer,Conseil en systèmes et logiciels informatiques,,,Python | SQL | Airflow | ETL | GCP | BigQuery,6,,,,,,
210KMYJ,Hardware Verification Engineer H/F (H/F),2026-06-26 16:46:51.933000+00:00,78,78423,78 - Montigny-le-Bretonneux,48.781965,2.0452,,CDI,CDI,Débutant accepté,D,Cadre,M1811,Data engineer,Fabrication de composants électroniques,Annuel de 40000.0 Euros à 440000.0 Euros sur 12.0 mois,"Maîtrise d'un outil de gestion de flux (Kafka, Flink…)",Python | C++ | Kafka,3,Annuel,40000.0,440000.0,40000.0,440000.0,240000.0
210KMXZ,Hardware Verification Engineer H/F (H/F),2026-06-26 16:46:33.102000+00:00,78,78423,78 - Montigny-le-Bretonneux,48.781965,2.0452,,CDI,CDI,Débutant accepté,D,Cadre,M1811,Data engineer,Fabrication de composants électroniques,Annuel de 40000.0 Euros à 440000.0 Euros sur 12.0 mois,"Maîtrise d'un outil de gestion de flux (Kafka, Flink…)",Python | C++ | Kafka,3,Annuel,40000.0,440000.0,40000.0,440000.0,240000.0
210JKNT,Développeur / Développeuse Big Data (H/F),2026-06-25 18:20:14.203000+00:00,93,93045,93 - LES LILAS,48.879365,2.415862,AUBER TECH,CDI,CDI,Débutant accepté,D,Cadre,M1811,Data engineer,Conseil en systèmes et logiciels informatiques,Mensuel de 32000.0 Euros à 50000.0 Euros sur 12.0 mois,,,0,Mensuel,32000.0,50000.0,384000.0,600000.0,492000.0
210DXNQ,DATA MANAGER RECHERCHE CLINIQUE (H/F),2026-06-23 11:43:13.324000+00:00,75,75108,75 - Paris 8e Arrondissement,48.877495,2.317589,,CDI,CDI,Débutant accepté,D,Cadre,M1811,Data engineer,"Activités spécialisées, scientifiques et techniques diverses",Annuel de 35000.0 Euros à 37000.0 Euros sur 12 mois,"Anglais technique | Analyser, exploiter, structurer des données | Accompagner l'appropriation d'un outil par ses utilisateurs | Apporter une assistance technique aux équipes | Expliquer et faire respecter les règles et procédures | Modéliser une base de données | Rendre compte de son activité | Surveiller le fonctionnement d'applicatifs et logiciels | Utiliser l'anglais dans un contexte professionnel",SAS,1,Annuel,35000.0,37000.0,35000.0,37000.0,36000.0
209SPGN,Alternant.e DATA Ingénieur (H/F),2026-06-15 10:17:13.814000+00:00,78,78361,78 - MANTES LA JOLIE,48.998499,1.685481,LES RESIDENCES SOCIETE ANONYME D'HABITAT,CDD,CDD - 24 Mois,Débutant accepté,D,Employé qualifié,M1811,Data engineer,Location de logements,,,Python | SQL | Snowflake | Git,4,,,,,,
209MLDS,INGÉNIEUR PÉDAGOGIQUE IT ET DATA - PARIS LA DÉFENSE H/F (H/F),2026-06-09 13:54:00.566000+00:00,92,92062,92 - PUTEAUX,48.884019,2.237979,ORSYS,CDI,CDI,10 An(s),E,Cadre,M1811,Data engineer,Formation continue d'adultes,Annuel de 44000.0 Euros à 46000.0 Euros sur 12.0 mois,"Data engineer | Analyser, exploiter, structurer des données",,0,Annuel,44000.0,46000.0,44000.0,46000.0,45000.0
209JXVK,Ingénieur.e de recherche en Data Science (H/F),2026-06-06 11:40:13.880000+00:00,93,93001,93 - Aubervilliers,48.914557,2.381792,COMPAGNIE DE SAINT-GOBAIN,CDI,CDI,2 An(s),E,Cadre,M1811,Data engineer,Activités des sièges sociaux,Annuel de 46500.0 Euros à 55000.0 Euros sur 12.0 mois,"Data engineer | Analyser, exploiter, structurer des données",Machine Learning,1,Annuel,46500.0,55000.0,46500.0,55000.0,50750.0
209JCYL,Ingénieur Data & IA (H/F),2026-06-05 14:10:05.727000+00:00,75,75108,75 - PARIS,48.877495,2.317589,,CDI,CDI,12 Mois,E,Employé qualifié,M1811,Data engineer,Autres intermédiations monétaires,Mensuel de 3750.0 Euros sur 12 mois,"Maîtrise d'un outil de gestion de flux (Kafka, Flink…) | Analyser, exploiter, structurer des données | Bonne connaissance des architectures IA Générative | Maîtrise du développement de pipelines ETL/ELT  | Gestion de bases de données non relationnelles  | Expérience en déploiement d'applications web  | Gestion de bases de données relationnelles  | Notions de sécurité des données et conformité",Kafka | ETL,2,Mensuel,3750.0,3750.0,45000.0,45000.0,45000.0
209KYBM,Ingénieur Chef de Projet Données - PEPR SolsVivants (H/F),2026-06-08 14:51:59.029000+00:00,75,75105,75 - Paris 5e Arrondissement,48.846127,2.344508,SORBONNE UNIVERSITE,CDD,CDD - 36 Mois,Débutant accepté,D,Employé qualifié,M1811,Data engineer,Enseignement supérieur,,"Analyser, exploiter, structurer des données | Darwin Core, ENVO, GBIF, Data Terra, etc. | Analyse de données scientifiques | Langage de programmation scientifique (R ou Python | Maîtrise des principes FAIR et science ouverte | Enjeux liés aux données écologiques, taxonomiques, | Maîtrise outils collaboratifs et gestion version | Notions de bases de données relationnelles, APIs | Maîtrise anglais scientifique et technique (B2)",Python | R,2,,,,,,
209FNGH,Expert référent en données Œuvres (H/F),2026-06-03 16:38:23.331000+00:00,75,75113,75 - PARIS 13,48.832653,2.35548,BIBLIOTHEQUE NATIONALE DE FRANCE,CDD,CDD - 36 Mois,7 An(s),E,Cadre,M1811,Data engineer,Gestion des bibliothèques et des archives,Annuel de 32856.0 Euros à 58411.0 Euros sur 12.0 mois,"Analyser, exploiter, structurer des données",,0,Annuel,32856.0,58411.0,32856.0,58411.0,45634.0
209FNCT,Chef du service Ingénierie des métadonnées (H/F),2026-06-03 16:36:08.739000+00:00,75,75113,75 - PARIS 13,48.832653,2.35548,BIBLIOTHEQUE NATIONALE DE FRANCE,CDD,CDD - 36 Mois,6 An(s),E,Cadre,M1811,Data engineer,Gestion des bibliothèques et des archives,Annuel de 37724.0 Euros à 74231.0 Euros sur 12.0 mois,"Analyser, exploiter, structurer des données",,0,Annuel,37724.0,74231.0,37724.0,74231.0,55978.0
4331024,Alternance Data Engineer - Paris (F/H) (H/F),2026-06-27 18:40:31+00:00,75,75056,75 - Paris,,,,CDD,CDD - 12 Mois,Débutant accepté,D,,M1811,Data engineer,,,,Python | SQL | Airflow,3,,,,,,
4256564,Alternant Data Engineer (H/F),2026-06-26 05:30:59+00:00,92,92050,92 - Nanterre,48.879998,2.207752,,CDD,CDD - 12 Mois,0 An(s),E,Technicien,M1811,Data engineer,,,,Python | SQL | Scala | Spark | Databricks | Azure | Power BI,7,,,,,,
4256178,Alternance - DATA Engineer F/H,2026-06-26 05:30:56+00:00,92,92050,92 - Nanterre,48.879998,2.207752,,CDI,CDI,0 An(s),E,Manœuvre,M1811,Data engineer,,,,Python | SQL | NoSQL | Airflow | ETL | Docker | Git | Linux,8,,,,,,
4255398,Alternant Data Engineer (H/F),2026-06-26 05:00:26+00:00,92,92050,92 - Nanterre,48.897361,2.195135,Forums Talents Handicap,MIS,Intérim - 3 Mois,Débutant accepté,D,,M1811,Data engineer,Activités des agences de travail temporaire,,,Python | SQL | Scala | Spark | Databricks | Azure | Power BI,7,,,,,,
4255324,Data Engineer (Databricks /Azure) (H/F),2026-06-26 05:00:24+00:00,92,92050,92 - Nanterre,48.897361,2.195135,Forums Talents Handicap,CDI,CDI,Débutant accepté,D,,M1811,Data engineer,,,,Python | SQL | Scala | Spark | Databricks | Azure,6,,,,,,
4248353,Maison Options - Big data engineer (H/F),2026-06-25 21:21:24+00:00,78,78440,78 - Mureaux,48.993303,1.909275,Maison Options,CDI,CDI,5 An(s),E,,M1811,Data engineer,Location et location-bail d'autres biens personnels et domestiques,,,Python | SQL | NoSQL | ETL | Machine Learning | Data Visualization,6,,,,,,
4208970,Consultant·e Data et AI Engineer – Jeune diplômé·e (H/F),2026-06-25 05:30:51+00:00,92,92050,92 - Nanterre,48.910508,2.220154,,CDI,CDI,0 An(s),E,Technicien,M1811,Data engineer,,,,Python | Spark | Kafka | Airflow | AWS | Azure | Machine Learning,7,,,,,,
4208962,Senior Consultant.e - Data & AI engineer (H/F),2026-06-25 05:30:51+00:00,92,92050,92 - Nanterre,48.910508,2.220154,,CDI,CDI,0 An(s),E,Technicien,M1811,Data engineer,,,,Python | SQL | Spark | Databricks | AWS | Azure | GCP | Snowflake | Docker | Kubernetes,10,,,,,,
4208960,Data Engineer GCP - Services Financiers - Ile-de-France  (H/F),2026-06-25 05:30:51+00:00,75,75101,75 - Paris 1er Arrondissement,,,,CDI,CDI,0 An(s),E,Technicien,M1811,Data engineer,,,,SQL | Spark | Kafka | Airflow | GCP | BigQuery | Docker | Git,8,,,,,,
4208944,Manager - Data & AI engineer (H/F),2026-06-25 05:30:51+00:00,92,92050,92 - Nanterre,48.910508,2.220154,,CDI,CDI,0 An(s),E,Technicien,M1811,Data engineer,,,,Databricks | AWS | Azure | GCP | Snowflake,5,,,,,,
4208884,Consultant.e Confirmé.e - Data Platform Engineer (H/F),2026-06-25 05:30:51+00:00,92,92050,92 - Nanterre,48.910508,2.220154,,CDI,CDI,0 An(s),E,Technicien,M1811,Data engineer,,,,ETL | Databricks | AWS | Azure | GCP,5,,,,,,
4208880,Senior Consultant/Manager – Data Architect et/ou Data Engineer - H/F - CDI,2026-06-25 05:30:51+00:00,92,92050,92 - Nanterre,48.910508,2.220154,,CDI,CDI,0 An(s),E,Technicien,M1868,Architecte base de données,,,,AWS | Azure | GCP,3,,,,,,
4159776,Data Engineer Spark Scala - Services Financiers - Ile-De-France (H/F),2026-06-24 02:55:00+00:00,92,92026,92 - Courbevoie,48.898112,2.238533,,CDI,CDI,Débutant accepté,D,,M1883,Analyste SOC (Security Operations Center),,,,Python | Scala | SAS | Spark | Hadoop | Hive | Kafka | Databricks | Azure,9,,,,,,
4073309,Alternance Data Engineer - Noisy-le-Grand (F/H) (H/F),2026-06-21 05:39:44+00:00,93,93051,93 - Noisy-le-Grand,48.83049,2.566899,,CDD,CDD - 12 Mois,Débutant accepté,D,,M1811,Data engineer,,,,Python | SQL | GCP | BigQuery,4,,,,,,
4073157,Alternance Data Engineer (data factory) - Boulogne-Billancourt (F/H) (H/F),2026-06-21 05:37:19+00:00,92,92012,92 - Boulogne-Billancourt,48.835948,2.240514,,CDD,CDD - 12 Mois,Débutant accepté,D,,M1811,Data engineer,,,,GCP,1,,,,,,
3899591,Data Engineer (H/F),2026-06-17 11:21:30+00:00,75,75113,75 - Paris 13e Arrondissement,48.832653,2.35548,,CDI,CDI,5 An(s),E,,M1868,Architecte base de données,,,,Python | SQL | Spark | dbt | AWS | Snowflake | Git,7,,,,,,
3882785,DATA Engineer senior - DCoE France (H/F),2026-06-17 07:13:31+00:00,92,92050,92 - Nanterre,48.897361,2.195135,,CDI,CDI,Débutant accepté,D,,M1811,Data engineer,,,,Python | SQL | Java | Scala | ETL,5,,,,,,
3881964,Data Engineer PAM F/H/X - Paris,2026-06-17 07:04:12+00:00,75,75056,75 - Paris,,,Keolis,CDI,CDI,Expérience exigée,E,,M1811,Data engineer,Activités des sièges sociaux,,,Python | SQL | Power BI | Tableau | Looker | Excel,6,,,,,,
3871906,Data Engineer Spark Scala - Services Financiers - Ile-De-France (H/F),2026-06-17 04:31:57+00:00,92,92026,92 - Courbevoie,48.898112,2.238533,,CDI,CDI,Débutant accepté,D,,M1883,Analyste SOC (Security Operations Center),,,,Python | Scala | SAS | Spark | Hadoop | Hive | Kafka | Databricks | Azure,9,,,,,,
3871574,Data Engineer DBT Snowflake H/F,2026-06-17 04:31:32+00:00,92,92044,92 - Levallois-Perret,48.892818,2.287751,JEMS,CDI,CDI,Expérience exigée,E,Cadre,M1811,Data engineer,,Annuel de 45000.0 Euros à 60000.0 Euros,,Python | SQL | Airflow | dbt | AWS | Snowflake,6,Annuel,45000.0,60000.0,45000.0,60000.0,52500.0
3850813,Data Scientist / AI Engineer (H/F),2026-06-16 18:41:08+00:00,92,92044,92 - Levallois-Perret,48.892818,2.287751,,MIS,Intérim - 1 Mois,Débutant accepté,D,,M1811,Data engineer,Activités des agences de placement de main-d'œuvre,,,,0,,,,,,
3843438,Data Engineer Senior (H/F) CDI,2026-06-16 16:31:09+00:00,75,75056,75 - Paris,,,,CDI,CDI,Débutant accepté,D,,M1811,Data engineer,,,,SQL | dbt | Snowflake | Power BI,4,,,,,,
3832536,Data Engineer - Expertise  : Spark/SQL/Snowflake/Databricks (H/F/NB),2026-06-16 11:21:25+00:00,92,92062,92 - Puteaux,48.884019,2.237979,,CDI,CDI,5 An(s),E,,M1868,Architecte base de données,,,,Python | SQL | Spark | Kafka | Airflow | ETL | Databricks | AWS | Azure | GCP | Snowflake | Machine Learning | Deep Learning | NLP | Docker | Kubernetes | Git,17,,,,,,
3765544,Data Engineer Confirmé(e) - expert PySpark  - Services Financiers - Ile de France  (H/F),2026-06-15 05:30:51+00:00,75,75101,75 - Paris 1er Arrondissement,,,,CDI,CDI,0 An(s),E,Technicien,M1811,Data engineer,,,,Python | R | SQL | Java | Scala | Spark | Hadoop | Kafka,8,,,,,,
3762912,Alternance - Data Engineer  H/F,2026-06-15 04:54:41+00:00,75,75114,75 - Paris 14e Arrondissement,48.828995,2.327101,"BRINKS, UAB",CDD,CDD - 24 Mois,Débutant accepté,D,,M1811,Data engineer,Transports routiers de fret de proximité,,,Python | SQL | ETL | Machine Learning | Pandas | Git,6,,,,,,
3732959,Tech Lead Data Engineer H/F,2026-06-12 12:14:25+00:00,92,92044,92 - Levallois-Perret,48.892818,2.287751,JEMS,CDI,CDI,Expérience exigée,E,Cadre,M1811,Data engineer,,Annuel de 50000.0 Euros à 75000.0 Euros,,Python | SQL | Java | Scala | Elasticsearch | Kafka | Talend | AWS | Azure | GCP | Git,11,Annuel,50000.0,75000.0,50000.0,75000.0,62500.0
3710437,Data Engineer F/H/X,2026-06-11 07:04:53+00:00,75,75056,75 - Paris,,,Keolis,CDI,CDI,Expérience exigée,E,,M1811,Data engineer,Activités des sièges sociaux,,,Python | SQL | NoSQL | Spark | Hadoop | ETL | Power BI | Tableau | Looker,9,,,,,,
3644402,Big Data Engineer - Services Financiers - Ile de France (H/F),2026-06-10 09:41:44+00:00,75,75056,75 - Paris,,,,CDI,CDI,Débutant accepté,D,,M1811,Data engineer,,,,Python | R | Java | Scala | SAS | Spark | Hadoop | Hive | Kafka | Databricks | Talend | Azure | Power BI | Qlik,14,,,,,,
3618364,Data Engineer (F/H) - en alternance - MASSY (H/F),2026-06-10 03:31:36+00:00,91,91377,91 - Massy,48.730893,2.271256,,CDD,CDD - 12 Mois,Débutant accepté,D,,M1811,Data engineer,,,,SQL | dbt | ETL | GCP | Docker | Git | Linux,7,,,,,,
3591039,Data Engineer ETL Informatica - Grande DSI Assurance - H/F,2026-06-08 23:01:07+00:00,92,92050,92 - Nanterre,48.887956,2.225108,Externatic,CDI,CDI,3 An(s),E,,M1811,Data engineer,Conseil pour les affaires et autres conseils de gestion,Annuel de 50000.0 Euros à 60000.0 Euros,,Oracle | ETL | Linux,3,Annuel,50000.0,60000.0,50000.0,60000.0,55000.0
3535483,Data Engineer DataIku - Services Financiers – Ile-de-France (H/F),2026-06-06 05:30:57+00:00,75,75101,75 - Paris 1er Arrondissement,,,,CDI,CDI,0 An(s),E,Technicien,M1811,Data engineer,,,,Python | SQL | Spark | Hive | AWS | Azure | GCP | Git,8,,,,,,
3535486,Data Engineer Spark Scala - Services Financiers - Ile-De-France (H/F),2026-06-06 05:30:56+00:00,92,92050,92 - Nanterre,48.910508,2.220154,,CDI,CDI,0 An(s),E,Technicien,M1814,Scrum Master,,,,Python | Scala | SAS | Spark | Hadoop | Hive | Kafka | Azure,8,,,,,,
3535476,Big Data Engineer - Services Financiers - Ile de France  (H/F),2026-06-06 05:30:56+00:00,75,75101,75 - Paris 1er Arrondissement,,,,CDI,CDI,0 An(s),E,Technicien,M1811,Data engineer,,,,Python | R | SQL | Java | Scala | SAS | Spark | Hadoop | Hive | Kafka | Databricks | Talend | Azure | Power BI | Qlik,15,,,,,,
3535128,Data Engineer Talend / PostgreSQL –  Défense & Sécurité – Île-de-France (H/F),2026-06-06 05:30:52+00:00,92,92050,92 - Nanterre,48.910508,2.220154,,CDI,CDI,0 An(s),E,Technicien,M1811,Data engineer,,,,SQL | PostgreSQL | Talend,3,,,,,,
3534885,DATA Engineer senior - DCoE France (H/F),2026-06-06 05:00:37+00:00,92,92050,92 - Nanterre,48.897361,2.195135,,CDI,CDI,Débutant accepté,D,,M1811,Data engineer,,,,Python | SQL | Java | Scala | ETL,5,,,,,,
3494727,Lead Data Engineer Snowflake H/F - CDI h/f,2026-06-05 12:45:20+00:00,75,,75 - Paris,,,,CDI,CDI,Expérience exigée,E,,M1811,Data engineer,,,,Python | SQL | Snowflake,3,,,,,,
3461994,Tech Lead Data Engineer GCP - Paris (H/F),2026-06-04 21:43:49+00:00,92,92050,92 - Nanterre,48.910508,2.220154,,CDI,CDI,Débutant accepté,D,,M1811,Data engineer,,,,Python | SQL | Spark | Hadoop | GCP | BigQuery | Looker,7,,,,,,
3314585,Calibration Data Infrastructure Engineer (H/F),2026-06-02 11:21:38+00:00,75,75115,75 - Paris 15e Arrondissement,48.841401,2.300274,,CDI,CDI,2 An(s),E,,M1868,Architecte base de données,,,,Python | Spark | Pandas,3,,,,,,
4254383,Ingénieur Data (f/h),2026-06-26 04:31:35+00:00,92,92062,92 - Puteaux,48.884019,2.237979,FREELANCE.COM,CDI,CDI,Expérience exigée,E,Cadre,M1811,Data engineer,,,,Python | SQL | JavaScript | PostgreSQL | MySQL | MongoDB | Spark | Airflow | dbt | Databricks | AWS | Redshift,12,,,,,,
4164419,Senior Signal Integrity Engineer (F/H) (H/F),2026-06-24 04:50:47+00:00,91,91534,91 - Saclay,48.753227,2.181166,,CDI,CDI,Débutant accepté,D,,M1811,Data engineer,,,,R,1,,,,,,
4130973,Data manager (H/F),2026-06-23 08:38:33+00:00,78,78208,78 - Élancourt,48.768309,1.949364,,CDI,CDI,3 An(s),E,,M1811,Data engineer,,,,Python | SQL | Java | PostgreSQL | Oracle | SQL Server | MongoDB | NoSQL | ETL | Talend | Data Visualization,11,,,,,,
4127119,"Chef de Projet Data F/H - Système, réseaux, données (H/F)",2026-06-23 06:52:08+00:00,92,92026,92 - Courbevoie,48.898112,2.238533,MICHAEL PAGE INTERNATIONAL FRANCE,CDI,CDI,Débutant accepté,D,Cadre,M1811,Data engineer,Accueil ou accompagnement sans hébergement d'adultes handicapés ou de personnes âgées,,,Python | Spark | Power BI,3,,,,,,
4018767,DATA STEWARD  ADMINISTRATEUR DU CATALOGUE DES ÉTUDES EN SANTÉ (SIÈGE) - H/F,2026-06-19 19:33:54+00:00,75,75113,75 - Paris 13e Arrondissement,48.832653,2.35548,Inserm,CDD,CDD - 12 Mois,2 An(s),E,,M1811,Data engineer,Recherche-développement en autres sciences physiques et naturelles,,,Python | R,2,,,,,,
3831012,Data manager (H/F),2026-06-16 10:55:33+00:00,75,75109,75 - Paris 9e Arrondissement,48.872479,2.341194,,CDI,CDI,1 An(s),E,,M1811,Data engineer,,Annuel de 50000.0 Euros à 65000.0 Euros,,Python | SQL | dbt | ETL | AWS,5,Annuel,50000.0,65000.0,50000.0,65000.0,57500.0
3755674,Cegedim - Ingénieur / Ingénieure big data (H/F),2026-06-14 21:20:49+00:00,92,92012,92 - Boulogne-Billancourt,48.835948,2.240514,Cegedim,CDI,CDI,5 An(s),E,,M1811,Data engineer,"Traitement de données, hébergement et activités connexes",,,Python | SQL | SQL Server | Elasticsearch | Airflow | ETL | Pandas | Docker | Kubernetes | Git,10,,,,,,
3614593,Consultant.e AI Engineer F/H - Valoway,2026-06-09 21:33:38+00:00,75,,75 - Paris,,,Valoway,CDI,CDI,5 An(s),E,,M1405,Data scientist,Conseil en systèmes et logiciels informatiques,,,SQL | NoSQL | Spark | Azure | Machine Learning | TensorFlow | PyTorch,7,,,,,,
3605640,Data manager (H/F),2026-06-09 09:39:16+00:00,75,75109,75 - Paris 9e Arrondissement,48.872479,2.341194,,CDI,CDI,3 An(s),E,,M1811,Data engineer,,,,Python | AWS,2,,,,,,
3553889,Data manager (H/F),2026-06-06 11:48:54+00:00,92,,92 - Hauts-de-Seine,,,,CDI,CDI,3 An(s),E,,M1811,Data engineer,,,,Python | SQL | Java | Scala | ETL,5,,,,,,
4348196,Architecte Data H / F (H/F),2026-06-28 07:53:20+00:00,94,94069,94 - Saint-Maurice,48.814865,2.45893,,MIS,Intérim - 1 Mois,Débutant accepté,D,,M1811,Data engineer,Activités des agences de placement de main-d'œuvre,,,,0,,,,,,
4340723,Consultant(e) Manager Data & (Gen)AI Stratégie - F/H h/f,2026-06-27 22:29:02+00:00,75,,75 - Paris,,,,CDI,CDI,Expérience exigée,E,,M1811,Data engineer,,,,,0,,,,,,
4316752,Data manager (H/F),2026-06-27 12:30:33+00:00,75,75109,75 - Paris 9e Arrondissement,48.872479,2.341194,,LIB,Profession libérale,6 An(s),E,,M1811,Data engineer,,,,SQL | GCP,2,,,,,,
4311831,Data manager (H/F),2026-06-27 09:36:17+00:00,92,,92 - Hauts-de-Seine,,,,CDI,CDI,Débutant accepté,D,,M1811,Data engineer,,,,Python | SQL | Oracle | ETL | Machine Learning | Docker | Kubernetes | Git,8,,,,,,
4311308,Data Manager (H/F),2026-06-27 09:35:06+00:00,91,91215,91 - Épinay-sous-Sénart,48.694837,2.51473,,CDI,CDI,6 An(s),E,,M1811,Data engineer,,Annuel de 50000.0 Euros à 60000.0 Euros,,SQL,1,Annuel,50000.0,60000.0,50000.0,60000.0,55000.0
4310624,Data manager (H/F),2026-06-27 09:33:38+00:00,75,,75 - Paris,,,,CDI,CDI,Débutant accepté,D,,M1811,Data engineer,,Annuel de 50000.0 Euros à 70000.0 Euros,,Machine Learning,1,Annuel,50000.0,70000.0,50000.0,70000.0,60000.0
4310007,Data Manager (H/F),2026-06-27 09:31:54+00:00,95,95063,95 - Bezons,48.92779,2.216126,,CDI,CDI,6 An(s),E,,M1811,Data engineer,,Annuel de 50000.0 Euros à 60000.0 Euros,,SQL,1,Annuel,50000.0,60000.0,50000.0,60000.0,55000.0
4309970,Data manager (H/F),2026-06-27 09:31:48+00:00,91,,91 - Essonne,,,,CDI,CDI,Débutant accepté,D,,M1811,Data engineer,,,,Python | SQL | Matlab | Pandas | NumPy | Git,6,,,,,,
4239811,Data Platform Manager (F/H) (H/F),2026-06-25 15:37:03+00:00,92,92062,92 - Puteaux,48.884019,2.237979,,CDI,CDI,Débutant accepté,D,,M1811,Data engineer,,,,Python | SQL | Scala | Spark | Databricks | Azure,6,,,,,,
4230703,Architecte Data (H/F),2026-06-25 09:42:30+00:00,92,,92 - Hauts-de-Seine,,,,CDI,CDI,1 An(s),E,,M1811,Data engineer,,,,ETL | Databricks | AWS | Azure | GCP,5,,,,,,
4230025,Data Manager (H/F),2026-06-25 09:35:43+00:00,78,78640,78 - Vélizy-Villacoublay,48.797269,2.194266,,CDI,CDI,6 An(s),E,,M1811,Data engineer,,Annuel de 50000.0 Euros à 60000.0 Euros,,SQL,1,Annuel,50000.0,60000.0,50000.0,60000.0,55000.0
4221506,Architecte Data (H/F),2026-06-25 07:30:23+00:00,75,75109,75 - Paris 9e Arrondissement,48.872479,2.341194,,CDI,CDI,3 An(s),E,,M1811,Data engineer,,,,,0,,,,,,
4208967,Manager - Data & AI Platform Architect (H/F),2026-06-25 05:30:51+00:00,92,92050,92 - Nanterre,48.910508,2.220154,,CDI,CDI,0 An(s),E,Technicien,M1811,Data engineer,,,,ETL | Databricks | AWS | Azure | GCP,5,,,,,,
4208908,Manager - Data & AI strategy (H/F),2026-06-25 05:30:51+00:00,92,92050,92 - Nanterre,48.910508,2.220154,,CDI,CDI,0 An(s),E,Technicien,M1811,Data engineer,,,,,0,,,,,,
4163552,Responsable Master Data (F/H) (H/F),2026-06-24 04:33:00+00:00,75,75056,75 - Paris,,,,CDI,CDI,Débutant accepté,D,,M1811,Data engineer,,,,,0,,,,,,
4161920,Consultant(e) Senior / Manager Data - Gouvernance de données (H/F),2026-06-24 04:05:58+00:00,92,92026,92 - Courbevoie,48.901819,2.267542,,CDI,CDI,Débutant accepté,D,,M1811,Data engineer,,,,,0,,,,,,
4153568,Harmonie Mutuelle - Data manager (H/F),2026-06-23 21:20:53+00:00,92,92020,92 - Châtillon,48.799654,2.289749,,CDI,CDI,5 An(s),E,,M1811,Data engineer,Autres assurances,,,Python | SAS,2,,,,,,
4074540,Ingénieur Data Confirmé H/F,2026-06-21 05:55:05+00:00,92,92062,92 - Puteaux,48.884019,2.237979,,MIS,Intérim - 1 Mois,Débutant accepté,D,,M1811,Data engineer,Activités des agences de placement de main-d'œuvre,,,,0,,,,,,
4066646,Consultant(e) Senior - Data Architect Expert Microsoft (MSBI / Fabric) (H/F),2026-06-21 02:42:00+00:00,92,92026,92 - Courbevoie,48.901819,2.267542,,CDI,CDI,Débutant accepté,D,,M1811,Data engineer,,,,SQL | Azure | Power BI | Tableau | DAX | Power Query,6,,,,,,
4064149,Senior Data Quality Manager - Corporate Operations - People Data (f/m/d) (H/F),2026-06-20 20:32:54+00:00,75,75056,75 - Paris,,,,CDI,CDI,Débutant accepté,D,,M1811,Data engineer,,,,Python | SQL | Databricks | AWS | Tableau,5,,,,,,
4041859,Senior Data Quality Manager – Corporate Operations – People Data (f/m/d) (H/F),2026-06-20 07:04:39+00:00,75,75056,75 - Paris,,,DECATHLON,CDI,CDI,Débutant accepté,D,,M1811,Data engineer,Location de terrains et d'autres biens immobiliers,,,Python | SQL | Databricks | AWS | Tableau,5,,,,,,
3962026,Data Manager (H/F),2026-06-18 12:32:20+00:00,75,75109,75 - Paris 9e Arrondissement,48.872479,2.341194,,CDI,CDI,1 An(s),E,,M1811,Data engineer,,Annuel de 45000.0 Euros à 60000.0 Euros,,,0,Annuel,45000.0,60000.0,45000.0,60000.0,52500.0
3960678,Chef de projet data (H/F),2026-06-18 11:49:47+00:00,75,75109,75 - Paris 9e Arrondissement,48.872479,2.341194,,CDI,CDI,3 An(s),E,,M1811,Data engineer,,,,,0,,,,,,
3953492,Responsable big data (H/F),2026-06-18 11:01:54+00:00,92,,92 - Hauts-de-Seine,,,,CDI,CDI,Débutant accepté,D,,M1811,Data engineer,Fabrication d'armes et de munitions,,,,0,,,,,,
3948548,Data manager (H/F),2026-06-18 07:41:05+00:00,75,75109,75 - Paris 9e Arrondissement,48.872479,2.341194,,CDI,CDI,3 An(s),E,,M1811,Data engineer,,,,Python | R | SQL | Java | Scala | Spark | Hadoop | Kafka,8,,,,,,
3904211,Data Officer H/F,2026-06-17 14:35:33+00:00,92,92049,92 - Montrouge,48.818761,2.320528,,CDD,CDD - 6 Mois,2 An(s),E,Cadre,M1811,Data engineer,Conseil pour les affaires et autres conseils de gestion,Annuel de 35000.0 Euros à 45000.0 Euros,,Excel,1,Annuel,35000.0,45000.0,35000.0,45000.0,40000.0
3899570,Data Manager Industriel (H/F),2026-06-17 11:21:30+00:00,91,91377,91 - Massy,48.730893,2.271256,,CDI,CDI,2 An(s),E,,M1811,Data engineer,,,,,0,,,,,,
3883477,Ingénieur(e) Data et Architecte Plateforme (H/F),2026-06-17 07:27:21+00:00,95,95018,95 - Argenteuil,48.947746,2.248868,,MIS,Intérim - 1 Mois,Débutant accepté,D,,M1811,Data engineer,Activités des agences de placement de main-d'œuvre,,,Python | SQL | ETL | Snowflake | Tableau | Data Visualization,6,,,,,,
3871621,Expert data AWS/AZURE/DATABRICKS H/F,2026-06-17 04:31:32+00:00,92,92044,92 - Levallois-Perret,48.892818,2.287751,JEMS,CDI,CDI,Expérience exigée,E,Cadre,M1811,Data engineer,,Annuel de 45000.0 Euros à 65000.0 Euros,,Python | SQL | Spark | Databricks | AWS | Azure | Git,7,Annuel,45000.0,65000.0,45000.0,65000.0,55000.0
3869680,Tech Lead DATA (H/F/X),2026-06-17 03:33:29+00:00,92,92049,92 - Montrouge,48.818761,2.320528,,CDI,CDI,Débutant accepté,D,,M1811,Data engineer,,,,ETL,1,,,,,,
3830801,Chef de projet data (H/F),2026-06-16 10:48:27+00:00,92,,92 - Hauts-de-Seine,,,,CDI,CDI,6 An(s),E,,M1811,Data engineer,,,,SQL,1,,,,,,
3820673,Data Manager Achats P2P F/H (H/F),2026-06-16 07:47:45+00:00,91,91377,91 - Massy,48.727791,2.275131,Safran,CDI,CDI,5 An(s),E,,M1811,Data engineer,Défense,,,,0,,,,,,
3803826,Data manager (H/F),2026-06-16 04:50:22+00:00,92,92063,92 - Rueil-Malmaison,48.871705,2.202508,,CDI,CDI,Débutant accepté,D,,M1811,Data engineer,,Annuel de 55000.0 Euros à 60000.0 Euros,,,0,Annuel,55000.0,60000.0,55000.0,60000.0,57500.0
3785639,Elsan - Data manager (H/F),2026-06-15 21:21:28+00:00,75,75108,75 - Paris 8e Arrondissement,48.877495,2.317589,,CDD,CDD - 6 Mois,2 An(s),E,,M1811,Data engineer,Activités des sociétés holding,,,R | Excel,2,,,,,,
3736761,Consulting Manager – Data Management – Paris (H/F),2026-06-12 12:14:58+00:00,75,75101,75 - Paris 1er Arrondissement,,,,CDI,CDI,10 An(s),E,Cadre,M1811,Data engineer,,,,,0,,,,,,
3724888,Delivery Manager Data & IA (H/F/NB),2026-06-11 11:21:36+00:00,92,92062,92 - Puteaux,48.884019,2.237979,,CDI,CDI,5 An(s),E,,M1811,Data engineer,,,,ETL | Talend | Machine Learning | Deep Learning | NLP,5,,,,,,
3722047,Data manager (H/F),2026-06-11 10:47:25+00:00,93,93048,93 - Montreuil,48.866597,2.477767,,LIB,Profession libérale,3 An(s),E,,M1811,Data engineer,,,,Python | Docker | Kubernetes | Git,4,,,,,,
3617221,Tech Lead DATA (H/F) CDI,2026-06-10 03:01:33+00:00,75,75056,75 - Paris,,,,CDI,CDI,Débutant accepté,D,,M1811,Data engineer,,,,dbt | Snowflake | Power BI,3,,,,,,
3606465,Data manager (H/F),2026-06-09 09:42:28+00:00,75,75109,75 - Paris 9e Arrondissement,48.872479,2.341194,,CDI,CDI,3 An(s),E,,M1811,Data engineer,,,,,0,,,,,,
3553963,Data manager (H/F),2026-06-06 11:49:37+00:00,92,,92 - Hauts-de-Seine,,,,CDI,CDI,6 An(s),E,,M1811,Data engineer,,,,SQL | PostgreSQL | Talend,3,,,,,,
3535516,Architecte DATA – Services Financiers - Ile de France (H/F),2026-06-06 05:30:57+00:00,75,75101,75 - Paris 1er Arrondissement,,,,CDI,CDI,0 An(s),E,Technicien,M1811,Data engineer,,,,Python | Java | NoSQL | Spark | Hadoop | Kafka | ETL | AWS | Azure | Git,10,,,,,,
3495065,Architecte Data Platform H/F - CDI h/f,2026-06-05 12:48:16+00:00,75,,75 - Paris,,,,CDI,CDI,Expérience exigée,E,,M1811,Data engineer,,,,,0,,,,,,
3460194,Consultant Data (F/H) - apprentissage (H/F),2026-06-04 21:33:32+00:00,92,92050,92 - Nanterre,48.910508,2.220154,,CDI,CDI,Débutant accepté,D,,M1811,Data engineer,,,,,0,,,,,,
3444111,Data manager (H/F),2026-06-04 13:42:47+00:00,75,75109,75 - Paris 9e Arrondissement,48.872479,2.341194,,CDI,CDI,6 An(s),E,,M1811,Data engineer,,Annuel de 45000.0 Euros à 50000.0 Euros,,,0,Annuel,45000.0,50000.0,45000.0,50000.0,47500.0
3436824,Directeur du Développement Data Center (H/F),2026-06-04 10:01:57+00:00,94,94041,94 - Ivry-sur-Seine,48.811987,2.3875,,CDI,CDI,Débutant accepté,D,,M1811,Data engineer,,Annuel de 100000.0 Euros à 110000.0 Euros,,,0,Annuel,100000.0,110000.0,100000.0,110000.0,105000.0
3367056,Alternance - appui data et ia F/H (H/F),2026-06-03 09:27:12+00:00,92,92062,92 - Puteaux,48.884019,2.237979,,CDD,CDD - 12 Mois,Débutant accepté,D,,M1811,Data engineer,,,,Power BI | DAX | Data Visualization,3,,,,,,
3288069,Technical Consultant – Expert Data – Paris (H/F),2026-06-02 05:30:54+00:00,75,75101,75 - Paris 1er Arrondissement,,,,CDI,CDI,10 An(s),E,Cadre,M1811,Data engineer,,,,Java | AWS | Azure | GCP,4,,,,,,
4348800,Ingénieur d'Études Système - Supervision (Panorama E2 et PC Vue) (H/F),2026-06-28 08:00:51+00:00,94,94065,94 - Rungis,48.748487,2.347405,,CDI,CDI,Débutant accepté,D,,M1811,Data engineer,,,,,0,,,,,,
4347415,Apprenti Création d'agents LLM (Large Language Model) pour optimiser les outils de reporting (H/F),2026-06-28 07:47:35+00:00,93,93001,93 - Aubervilliers,48.914557,2.381792,,MIS,Intérim - 1 Mois,Débutant accepté,D,,M1811,Data engineer,Activités des agences de placement de main-d'œuvre,,,,0,,,,,,
4336032,Consultant Analytics & IA Transverse DCoE - France (H/F),2026-06-27 19:59:27+00:00,92,92050,92 - Nanterre,48.910508,2.220154,,CDI,CDI,Débutant accepté,D,,M1811,Data engineer,,,,Python | SQL | Java | Scala | Databricks | AWS | Azure | GCP | Snowflake | Docker | Kubernetes,11,,,,,,
4162760,Contract Manager - Datacenter (H/F),2026-06-24 04:31:28+00:00,93,93051,93 - Noisy-le-Grand,48.83049,2.566899,,CDI,CDI,Débutant accepté,D,,M1811,Data engineer,,,,,0,,,,,,
4072857,Consultant Analytics & IA Transverse DCoE - France (H/F),2026-06-21 05:06:02+00:00,92,92050,92 - Nanterre,48.910508,2.220154,,CDI,CDI,Débutant accepté,D,,M1811,Data engineer,,,,Python | SQL | Java | Scala | Databricks | AWS | Azure | GCP | Snowflake | Docker | Kubernetes,11,,,,,,
3765533,Architecte Solution Databricks (F/H),2026-06-15 05:30:51+00:00,95,95063,95 - Bezons,48.92779,2.216126,,CDI,CDI,10 An(s),E,Cadre,M1811,Data engineer,,,,Databricks | AWS | Azure,3,,,,,,
3752185,POST-DOCTORANT EN MODÉLISATION STATISTIQUE - H/F,2026-06-14 19:34:05+00:00,75,75115,75 - Paris 15e Arrondissement,48.841401,2.300274,Inserm,CDD,CDD - 10 Mois,1 An(s),E,,M1811,Data engineer,Recherche-développement en autres sciences physiques et naturelles,Mensuel de 2985.82 Euros à 4380.2 Euros,,Python | R,2,Mensuel,2985.82,4380.2,35830.0,52562.0,44196.0
3733455,Chargé(e) de marketing opérationnel et merchandising (H/F) - Alternance,2026-06-12 12:14:29+00:00,95,95527,95 - Roissy-en-France,49.004168,2.514943,PROJECT X PARIS,CDD,CDD - 24 Mois,Débutant accepté,D,,M1811,Data engineer,,,,Excel,1,,,,,,
3346343, Business Developer B2B  (H/F),2026-06-03 03:01:19+00:00,75,75113,75 - Paris 13e Arrondissement,48.832653,2.35548,,CDD,CDD - 24 Mois,Débutant accepté,D,,M1811,Data engineer,,Annuel de 9500.0 Euros à 16000.0 Euros,,,0,Annuel,9500.0,16000.0,9500.0,16000.0,12750.0
4298890,Analyste qualité des données (H/F),2026-06-27 05:31:27+00:00,78,78423,78 - Montigny-le-Bretonneux,48.781965,2.0452,ESP SECURITE,CDD,CDD - 12 Mois,Débutant accepté,D,Cadre,M1811,Data engineer,,,,,0,,,,,,
4187302,INGÉNIEUR STANDARDISATION DES DONNÉES - H/F,2026-06-24 19:33:48+00:00,75,75113,75 - Paris 13e Arrondissement,48.832653,2.35548,Inserm,CDD,CDD - 6 Mois,1 An(s),E,,M1811,Data engineer,Recherche-développement en autres sciences physiques et naturelles,Mensuel de 2494.0 Euros à 3640.0 Euros,,Python | R | SQL | Git,4,Mensuel,2494.0,3640.0,29928.0,43680.0,36804.0
3799752,Tech Lead Digital Fullstack H/F,2026-06-16 04:31:27+00:00,75,75056,75 - Paris,,,JEMS,CDI,CDI,Expérience exigée,E,Cadre,M1811,Data engineer,,Annuel de 65000.0 Euros à 90000.0 Euros,,SQL | Java | AWS | Azure | GCP | Git,6,Annuel,65000.0,90000.0,65000.0,90000.0,77500.0
3349592,Administrateur Cloudera & Kubernetes H/F,2026-06-03 04:31:41+00:00,92,92044,92 - Levallois-Perret,48.892818,2.287751,JEMS,CDI,CDI,Expérience exigée,E,Cadre,M1811,Data engineer,,Annuel de 75000.0 Euros à 90000.0 Euros,,Spark | Hadoop | Hive | Databricks | Azure | Kubernetes | Linux,7,Annuel,75000.0,90000.0,75000.0,90000.0,82500.0
210FJKM,Senior Data Scientist (H/F),2026-06-23 15:16:01.961000+00:00,75,,75 - Paris,,,FOODCHERI,CDI,CDI,3 An(s),E,Employé qualifié,M1405,Data scientist,Services des traiteurs,Annuel de 60000.0 Euros à 65000.0 Euros sur 12 mois,Adapter les outils de traitement statistique de données | Définir et faire évoluer des procédés de traitement de l'information,Python | dbt | GCP | BigQuery,4,Annuel,60000.0,65000.0,60000.0,65000.0,62500.0
210FFXM,Data Scientist (H/F),2026-06-23 14:32:39.663000+00:00,75,,75 - Paris (Dept.),,,ASSISTANCE PUBLIQUE HOPITAUX DE PARIS,CDD,CDD - 12 Mois,6 Mois,E,Employé qualifié,M1405,Data scientist,Activités hospitalières,,Adapter les outils de traitement statistique de données | Définir et faire évoluer des procédés de traitement de l'information,Python | R | Spark | NLP,4,,,,,,
209QGPH,Data Scientist Junior pour projet de recherche en psychiatrie (H/F),2026-06-11 14:00:05.196000+00:00,75,75114,75 - PARIS 14,48.832769,2.325738,CENTRE HOSPITALIER SAINTE ANNE,CDD,CDD - 12 Mois,Débutant accepté,D,Employé qualifié,M1405,Data scientist,Activités hospitalières,Annuel de 27660.0 Euros à 32200.0 Euros sur 12.0 mois,Adapter les outils de traitement statistique de données | Définir et faire évoluer des procédés de traitement de l'information,Power BI | NLP,2,Annuel,27660.0,32200.0,27660.0,32200.0,29930.0
209LBHK,Statisticien(ne)  / Data Scientist H/F,2026-06-08 15:25:02.202000+00:00,95,95127,95 - CERGY,49.035743,2.062109,CAISSE PRIMAIRE ASSUR MALADIE VAL D'OISE,CDI,CDI,Débutant accepté - DIPLOME OU EXPERIENCE SIMILAIRE,D,Technicien,M1405,Data scientist,Activités générales de sécurité sociale,Annuel de 36000.00 Euros sur 14 mois,Adapter les outils de traitement statistique de données | Définir et faire évoluer des procédés de traitement de l'information,Python | R | SQL | Data Visualization,4,Annuel,36000.0,36000.0,36000.0,36000.0,36000.0
209KQFT,Data Scientist (H/F),2026-06-08 12:11:44.344000+00:00,91,91692,91 - LES ULIS,48.681416,2.170171,,CDI,CDI,2 An(s),E,Cadre,M1405,Data scientist,Commerce de gros (commerce interentreprises) de fournitures et équipements industriels divers,,,Python | SQL,2,,,,,,
210HBMW,Planificateur Production & Distribution - Ingénieur Bac+5 (H/F),2026-06-24 17:41:33.327000+00:00,94,94034,94 - FRESNES,48.755064,2.321982,JELO,CDI,CDI,12 Mois,E,Cadre,M1405,Data scientist,Services des traiteurs,Annuel de 30000.0 Euros à 37000.0 Euros sur 12 mois,"Langages de programmation informatique | Logiciels de gestion de base de données | Mastère spécialisé expert en sciences des données | Modélisation et simulation | Modélisation statistique | Programmation en Python | Adapter les outils de traitement statistique de données | Analyser des données pour prendre des décisions stratégiques | Analyser et traiter l'information à des fins d'anticipation | Assurer le suivi de la qualité des données | Concevoir des modèles de détection des insights consommateurs | Conduire des travaux d'études et de recherche | Définir et faire évoluer des procédés de traitement de l'information | Définir les solutions de stockage et de structuration des données | Etablir des prévisions, des évaluations, des recommandations, des perspectives | Faire remonter les besoins clients en interne pour adapter l'offre aux enjeux émergents | Gérer des données massives | Lire et interpréter des données et documents techniques, au besoin en anglais | Manager la connaissance | Mettre en place des outils d'aide à la décision | Optimiser des algorithmes, une application informatique et mettre en oeuvre leur développement | Paramétrer un logiciel, un outil, un système numérique | Piloter les étapes d'un projet agile et innovant | Structurer, synthétiser des informations",Python | SQL | Excel,3,Annuel,30000.0,37000.0,30000.0,37000.0,33500.0
209ZNBJ,Chargé de traitement des données et Référent UNESS (H/F),2026-06-19 09:36:49.210000+00:00,75,75112,75 - Paris 12e Arrondissement,48.840813,2.388195,SORBONNE UNIVERSITE,CDD,CDD - 12 Mois,Débutant accepté,D,Employé qualifié,M1405,Data scientist,Enseignement supérieur,,Adapter les outils de traitement statistique de données | Définir et faire évoluer des procédés de traitement de l'information | Capacité à schématiser | Capacité à gérer les situations urgentes | Organisation et rigueur | Capacité rédactionnelle | Organisation / fonctionnement recherche et ens.sup | Réglementation applicable à son domaine d’activité,,0,,,,,,
4361327,Data Scientist Senior (H/F),2026-06-29 11:21:30+00:00,91,91377,91 - Massy,48.730893,2.271256,DGTL Performance,CDI,CDI,5 An(s),E,,M1405,Data scientist,,,,Python | GCP | Machine Learning | Deep Learning | TensorFlow | PyTorch | Kubernetes,7,,,,,,
4361326,Data Scientist Senior (H/F),2026-06-29 11:21:30+00:00,91,91377,91 - Massy,48.730893,2.271256,DGTL Performance,CDI,CDI,5 An(s),E,,M1405,Data scientist,,,,Python | GCP | BigQuery | Looker | Machine Learning | NLP | TensorFlow | PyTorch | scikit-learn | Pandas | NumPy | Git,12,,,,,,
4309383,Data scientist (H/F),2026-06-27 09:30:00+00:00,92,92062,92 - Puteaux,48.884019,2.237979,,CDI,CDI,1 An(s),E,,M1405,Data scientist,,,,Python | SQL | Java | C# | Power BI | Tableau | Machine Learning,7,,,,,,
4294845,Data Scientist  - 6 mois (H/F),2026-06-27 05:00:17+00:00,75,75056,75 - Paris,,,BNP Paribas Mission Handicap ,MIS,Intérim - 36 Mois,Débutant accepté,D,,M1405,Data scientist,Activités des agences de travail temporaire,,,Python | SQL | Elasticsearch | Machine Learning | NLP | PyTorch | Pandas | NumPy | Git,9,,,,,,
4252698,Data Scientist DevOPS F/H (H/F),2026-06-26 03:25:47+00:00,92,92062,92 - Puteaux,50.687977,3.182584,Swiss Life,CDI,CDI,10 An(s),E,,M1405,Data scientist,Autres assurances,,,AWS,1,,,,,,
4231103,Data scientist (H/F),2026-06-25 09:47:46+00:00,92,,92 - Hauts-de-Seine,,,,CDI,CDI,1 An(s),E,,M1405,Data scientist,,,,Databricks | AWS | Azure | GCP | Snowflake,5,,,,,,
4230360,Data scientist (H/F),2026-06-25 09:40:15+00:00,92,,92 - Hauts-de-Seine,,,,CDI,CDI,6 An(s),E,,M1405,Data scientist,,,,Python | Spark | Databricks | AWS | GCP | Machine Learning | Deep Learning | NLP | TensorFlow | PyTorch | scikit-learn,11,,,,,,
4208964,Manager - Lead Data Scientist (H/F),2026-06-25 05:30:51+00:00,92,92050,92 - Nanterre,48.910508,2.220154,,CDI,CDI,0 An(s),E,Technicien,M1405,Data scientist,,,,Python | Spark | Databricks | AWS | GCP | Machine Learning | Deep Learning | NLP | TensorFlow | PyTorch | scikit-learn,11,,,,,,
4208910,Senior Consultant.e - Data Scientist (H/F),2026-06-25 05:30:51+00:00,92,92050,92 - Nanterre,48.910508,2.220154,,CDI,CDI,0 An(s),E,Technicien,M1405,Data scientist,,,,Databricks | AWS | Azure | GCP | Snowflake | Docker | Kubernetes,7,,,,,,
4208624,Ingénieur(e) Data Scientist confirmé(e) - Industrie - Le Plessis Robinson (H/F),2026-06-25 05:00:17+00:00,92,92050,92 - Nanterre,48.910508,2.220154,Forums Talents Handicap,CDI,CDI,Débutant accepté,D,,M1405,Data scientist,,,,Python | AWS | Azure | Machine Learning | Deep Learning,5,,,,,,
4208476,Data Scientist - (H/F),2026-06-25 05:00:15+00:00,75,75056,75 - Paris,,,BNP Paribas Mission Handicap ,MIS,Intérim - 36 Mois,Débutant accepté,D,,M1405,Data scientist,Activités des agences de travail temporaire,,,Python | SQL | Machine Learning,3,,,,,,
4136733,Data scientist (H/F),2026-06-23 10:35:12+00:00,92,92026,92 - Courbevoie,48.898112,2.238533,,CDI,CDI,Débutant accepté,D,,M1405,Data scientist,,,,,0,,,,,,
4120546,Chef de projet Data-Scientist F/H,2026-06-23 04:31:38+00:00,92,92007,92 - Bagneux,48.790045,2.312853,SOM Ligeron,CDI,CDI,Débutant accepté,D,Cadre,F1137,Chargé / Chargée de méthodes BTP,,,,Python | R | Power BI | Machine Learning,4,,,,,,
3998879,Apprentissage : ingénieur data scientist en détection d'anomalies f/h,2026-06-19 08:15:39+00:00,92,92060,92 - Plessis-Robinson,48.782195,2.262246,,CDD,CDD - 24 Mois,Débutant accepté,D,,M1405,Data scientist,,,,Deep Learning,1,,,,,,
3986725,Actuaire / Data Scientist (H/F),2026-06-19 03:01:51+00:00,92,92009,92 - Bois-Colombes,48.922219,2.271903,Abeille assurances,CDI,CDI,Débutant accepté,D,,M1405,Data scientist,,,,Python | R | SQL | SAS | Tableau | Excel | Machine Learning,7,,,,,,
3873447,ALTERNANCE - DATA SCIENTIST - (H/F),2026-06-17 05:00:16+00:00,75,75056,75 - Paris,,,BNP Paribas Mission Handicap ,MIS,Intérim - 36 Mois,Débutant accepté,D,,M1405,Data scientist,Activités des agences de travail temporaire,,,Power BI,1,,,,,,
3866156,Une/Un Data Scientist confirmé(e) h/f,2026-06-16 22:33:16+00:00,75,75112,75 - Paris 12e Arrondissement,48.840813,2.388195,,CDI,CDI,Expérience exigée,E,,M1405,Data scientist,,,,Python | PyTorch,2,,,,,,
3800165,Une/Un Data Scientist (H/F),2026-06-16 04:31:31+00:00,75,75112,75 - Paris 12e Arrondissement,48.840813,2.388195,ARCOM,CDD,CDD - 6 Mois,Expérience exigée,E,Cadre,M1405,Data scientist,,,,Python | PyTorch,2,,,,,,
3800094,Une/Un Data Scientist confirmé(e) (H/F),2026-06-16 04:31:30+00:00,75,75112,75 - Paris 12e Arrondissement,48.840813,2.388195,ARCOM,CDI,CDI,Expérience exigée,E,Cadre,M1405,Data scientist,,,,Python | PyTorch,2,,,,,,
3656419,Lead Data Scientist Senior (GenAI) F/H,2026-06-10 14:34:57+00:00,92,92020,92 - Châtillon,48.799654,2.289749,,CDI,CDI,7 An(s),E,Cadre,M1405,Data scientist,Télécommunications filaires,,,Python | GCP | scikit-learn | Pandas,4,,,,,,
3618876,Data Scientist GCP - H/F,2026-06-10 03:41:39+00:00,92,92012,92 - Boulogne-Billancourt,48.835948,2.240514,,MIS,Intérim - 1 Mois,Débutant accepté,D,,M1405,Data scientist,Activités des agences de placement de main-d'œuvre,,,GCP,1,,,,,,
3443667,Data scientist (H/F),2026-06-04 13:40:49+00:00,95,,95 - Val-d'Oise,,,,CDI,CDI,Débutant accepté,D,,M1405,Data scientist,,Annuel de 50000.0 Euros à 65000.0 Euros,,Machine Learning | NLP,2,Annuel,50000.0,65000.0,50000.0,65000.0,57500.0
3428188,Data Scientist (H/F),2026-06-04 07:39:17+00:00,75,75101,75 - Paris 1er Arrondissement,48.859295,2.345581,Banque de France,CDI,CDI,1 An(s),E,Cadre,M1405,Data scientist,Activités de banque centrale,,,Python | R | SAS,3,,,,,,
3414746,Data Scientist (H/F),2026-06-04 05:00:35+00:00,95,95063,95 - Bezons,48.92779,2.216126,,CDI,CDI,3 An(s),E,,M1405,Data scientist,,,,Machine Learning | NLP,2,,,,,,
4256333,Head of Data Science (H/F),2026-06-26 05:30:57+00:00,92,92050,92 - Nanterre,48.879998,2.207752,,CDI,CDI,0 An(s),E,Technicien,M1405,Data scientist,,,,Machine Learning | Deep Learning,2,,,,,,
4120597,Directeur Data & Intelligence Artificielle (F/H),2026-06-23 04:31:38+00:00,75,75056,75 - Paris,,,NEXTGEN RH,CDI,CDI,Débutant accepté,D,Cadre,M1405,Data scientist,,Annuel de 75000.0 Euros à 90000.0 Euros,,Python | Spark | Machine Learning | Deep Learning | NLP | TensorFlow | Kubernetes,7,Annuel,75000.0,90000.0,75000.0,90000.0,82500.0
3986707,Consultant confirmé - Finance & Data - Neuilly (H/F),2026-06-19 03:01:51+00:00,92,92051,92 - Neuilly-sur-Seine,48.884789,2.269688,Grant Thornton,CDI,CDI,Débutant accepté,D,,M1405,Data scientist,,,,,0,,,,,,
3744173,MOEX Second œuvre - Projets Data Centers (H/F),2026-06-14 11:21:40+00:00,95,95491,95 - Plessis-Bouchard,49.001124,2.234927,,MIS,Intérim - 18 Mois,9 An(s),E,,M1405,Data scientist,Activités des agences de travail temporaire,,,,0,,,,,,
3744163,MOEX Généraliste - Projets Data Centers (H/F),2026-06-14 11:21:40+00:00,95,95491,95 - Plessis-Bouchard,49.001124,2.234927,,MIS,Intérim - 18 Mois,9 An(s),E,,M1405,Data scientist,Activités des agences de travail temporaire,,,,0,,,,,,
3744150,MOEX Second œuvre - Projets Data Centers (H/F),2026-06-14 11:21:40+00:00,95,95491,95 - Plessis-Bouchard,49.001124,2.234927,,CDI,CDI,9 An(s),E,,M1405,Data scientist,,,,,0,,,,,,
3617339,Consultant Senior & Manager en Data consulting - secteur financier (H/F),2026-06-10 03:01:48+00:00,75,75056,75 - Paris,,,EY,CDI,CDI,3 An(s),E,,M1405,Data scientist,,,,Machine Learning | Deep Learning | NLP,3,,,,,,
3648619,Consultant Confirmé en Data Strategy / Data Transformation (H/F),2026-06-10 11:21:40+00:00,75,75101,75 - Paris 1er Arrondissement,,,,CDI,CDI,5 An(s),E,,M1405,Data scientist,,,,,0,,,,,,
3371462,Technicien/Technicienne Data Center (H/F),2026-06-03 11:21:35+00:00,91,91136,91 - Champlan,48.708406,2.273718,,MIS,Intérim - 12 Mois,Débutant accepté,D,,M1405,Data scientist,Activités des agences de travail temporaire,,,,0,,,,,,
3371259,Technicien Data Center (H/F),2026-06-03 11:21:32+00:00,92,92036,92 - Gennevilliers,48.925389,2.293344,,MIS,Intérim - 18 Mois,1 An(s),E,,M1405,Data scientist,Activités des agences de travail temporaire,,,,0,,,,,,
3895955,Assistant chef de projet IA et Automatisation Doc (F/H) - Stage (H/F),2026-06-17 10:54:39+00:00,92,92050,92 - Nanterre,48.896069,2.206713,AXA France,CDD,CDD - 6 Mois,1 An(s),E,,M1405,Data scientist,Autres assurances,,,Power BI | Excel,2,,,,,,
4229483,Expert Oracle (H/F),2026-06-25 09:33:50+00:00,75,75109,75 - Paris 9e Arrondissement,48.872479,2.341194,,LIB,Profession libérale,1 An(s),E,,M1405,Data scientist,,,,Oracle,1,,,,,,
